Date,Price,Oil (Cost),Commodity Index,Gold,Agri-Business ETF,Gas (Fertilizer),USD/TWD,Consumer Staples,Taiwan Weighted
2023-12-05,134.4,72.31999969482422,21.200729370117188,187.14999389648438,68.66819763183594,2.7100000381469727,31.423599243164062,66.75990295410156,17328.009765625
2023-12-06,162.0,69.37999725341797,20.68496322631836,187.83999633789062,68.95919799804688,2.569000005722046,31.516000747680664,66.58941650390625,17360.720703125
2023-12-08,157.9,71.2300033569336,20.811641693115234,185.63999938964844,69.45672607421875,2.5810000896453857,31.427000045776367,66.4094467163086,17383.990234375
2023-12-09,167.6,71.2300033569336,20.811641693115234,185.63999938964844,69.45672607421875,2.5810000896453857,31.427000045776367,66.4094467163086,17383.990234375
2023-12-10,168.4,71.2300033569336,20.811641693115234,185.63999938964844,69.45672607421875,2.5810000896453857,31.427000045776367,66.4094467163086,17383.990234375
2023-12-12,148.0,68.61000061035156,20.42255401611328,183.49000549316406,68.97797393798828,2.311000108718872,31.327999114990234,67.26194763183594,17450.630859375
2023-12-13,167.8,69.47000122070312,20.65781593322754,187.6300048828125,70.93052673339844,2.3350000381469727,31.473100662231445,68.48384857177734,17468.9296875
2023-12-14,165.5,71.58000183105469,21.001659393310547,188.72999572753906,72.25414276123047,2.3919999599456787,31.156999588012695,67.47980499267578,17653.109375
2023-12-15,166.1,71.43000030517578,21.03785514831543,187.0,71.53131866455078,2.490999937057495,31.18429946899414,67.47980499267578,17673.869140625
2023-12-16,172.6,71.43000030517578,21.03785514831543,187.0,71.53131866455078,2.490999937057495,31.18429946899414,67.47980499267578,17673.869140625
2023-12-17,172.2,71.43000030517578,21.03785514831543,187.0,71.53131866455078,2.490999937057495,31.18429946899414,67.47980499267578,17673.869140625
2023-12-19,171.9,73.44000244140625,21.35017967224121,189.1300048828125,72.79436492919922,2.492000102996826,31.375,68.31585693359375,17576.55078125
2023-12-20,170.4,74.22000122070312,21.103357315063477,188.10000610351562,71.58547973632812,2.447000026702881,31.270000457763672,66.9892349243164,17635.19921875
2023-12-21,187.3,73.88999938964844,21.14133071899414,189.42999267578125,72.62028503417969,2.572000026702881,31.309999465942383,67.45690155029297,17543.740234375
2023-12-22,172.5,73.55999755859375,21.103357315063477,190.27000427246094,72.862060546875,2.609999895095825,31.19300079345703,67.97225952148438,17596.630859375
2023-12-23,165.6,73.55999755859375,21.103357315063477,190.27000427246094,72.862060546875,2.609999895095825,31.19300079345703,67.97225952148438,17596.630859375
2023-12-24,148.2,73.55999755859375,21.103357315063477,190.27000427246094,72.862060546875,2.609999895095825,31.19300079345703,67.97225952148438,17596.630859375
2023-12-26,171.2,75.56999969482422,21.31220817565918,191.72000122070312,73.34561920166016,2.549999952316284,31.119699478149414,68.2585678100586,17751.73046875
2023-12-27,160.2,74.11000061035156,21.217275619506836,192.58999633789062,73.73246002197266,2.61899995803833,30.94300079345703,68.57353973388672,17891.5
2023-12-28,137.1,71.7699966430664,21.03690528869629,191.47000122070312,73.71312713623047,2.556999921798706,30.845699310302734,68.6021728515625,17910.369140625
2023-12-29,136.7,71.6500015258789,20.92298698425293,191.1699981689453,73.6744384765625,2.5139999389648438,30.697999954223633,68.7453384399414,17930.810546875
2023-12-30,135.6,71.6500015258789,20.92298698425293,191.1699981689453,73.6744384765625,2.5139999389648438,30.697999954223633,68.7453384399414,17930.810546875
2023-12-31,152.8,71.6500015258789,20.92298698425293,191.1699981689453,73.6744384765625,2.5139999389648438,30.697999954223633,68.7453384399414,17930.810546875
2024-01-02,179.2,70.37999725341797,20.75210952758789,190.72000122070312,73.73246002197266,2.568000078201294,30.66860008239746,69.51839447021484,17853.759765625
2024-01-03,194.7,72.69999694824219,21.01791763305664,189.1300048828125,73.04581451416016,2.6679999828338623,30.878999710083008,68.9743881225586,17559.310546875
2024-01-04,136.6,72.19000244140625,20.904001235961914,189.32000732421875,72.96844482421875,2.821000099182129,31.041900634765625,68.87894439697266,17549.650390625
2024-01-05,179.2,73.80999755859375,21.008424758911133,189.35000610351562,72.99746704101562,2.8929998874664307,31.054000854492188,68.72624206542969,17519.140625
2024-01-06,204.1,73.80999755859375,21.008424758911133,189.35000610351562,72.99746704101562,2.8929998874664307,31.054000854492188,68.72624206542969,17519.140625
2024-01-07,153.8,73.80999755859375,21.008424758911133,189.35000610351562,72.99746704101562,2.8929998874664307,31.054000854492188,68.72624206542969,17519.140625
2024-01-09,220.0,72.23999786376953,20.85653305053711,187.92999267578125,72.40752410888672,3.190000057220459,30.72100067138672,69.41341400146484,17535.490234375
2024-01-10,193.3,71.37000274658203,20.714136123657227,187.5,72.04969024658203,3.0390000343322754,31.061100006103516,69.27025604248047,17465.630859375
2024-01-11,121.5,72.0199966430664,20.86602783203125,187.8699951171875,71.59515380859375,3.0969998836517334,31.117799758911133,69.26070404052734,17545.3203125
2024-01-12,162.7,72.68000030517578,20.941972732543945,189.7100067138672,71.37271881103516,3.312999963760376,30.893999099731445,69.480224609375,17512.830078125
2024-01-13,157.1,72.68000030517578,20.941972732543945,189.7100067138672,71.37271881103516,3.312999963760376,30.893999099731445,69.480224609375,17512.830078125
2024-01-14,142.0,72.68000030517578,20.941972732543945,189.7100067138672,71.37271881103516,3.312999963760376,30.893999099731445,69.480224609375,17512.830078125
2024-01-16,133.3,72.4000015258789,20.76160430908203,187.91000366210938,70.18317413330078,2.9000000953674316,31.19499969482422,69.09844970703125,17346.869140625
2024-01-17,215.2,72.55999755859375,20.733123779296875,185.83999633789062,69.48684692382812,2.869999885559082,31.45800018310547,69.05073547363281,17161.7890625
2024-01-18,200.0,74.08000183105469,20.86602783203125,187.3699951171875,69.50619506835938,2.697000026702881,31.542499542236328,68.96483612060547,17227.7890625
2024-01-19,154.5,73.41000366210938,20.82805633544922,187.92999267578125,69.80599975585938,2.5190000534057617,31.58060073852539,68.76441955566406,17681.51953125
2024-01-20,137.5,73.41000366210938,20.82805633544922,187.92999267578125,69.80599975585938,2.5190000534057617,31.58060073852539,68.76441955566406,17681.51953125
2024-01-21,200.0,73.41000366210938,20.82805633544922,187.92999267578125,69.80599975585938,2.5190000534057617,31.58060073852539,68.76441955566406,17681.51953125
2024-01-23,186.0,74.37000274658203,21.02741241455078,187.9499969482422,68.97428131103516,2.450000047683716,31.368000030517578,69.17481231689453,17874.58984375
2024-01-24,208.6,75.08999633789062,21.207782745361328,186.39999389648438,68.9259262084961,2.6410000324249268,31.395000457763672,68.32538604736328,17875.830078125
2024-01-25,200.0,77.36000061035156,21.36916732788086,187.13999938964844,68.99362182617188,2.571000099182129,31.29199981689453,68.98392486572266,18002.619140625
2024-01-26,172.0,78.01000213623047,21.464099884033203,187.00999450683594,69.45783996582031,2.7119998931884766,31.315000534057617,69.31796264648438,17995.029296875
2024-01-27,173.8,78.01000213623047,21.464099884033203,187.00999450683594,69.45783996582031,2.7119998931884766,31.315000534057617,69.31796264648438,17995.029296875
2024-01-28,194.2,78.01000213623047,21.464099884033203,187.00999450683594,69.45783996582031,2.7119998931884766,31.315000534057617,69.31796264648438,17995.029296875
2024-01-30,209.4,77.81999969482422,21.42612648010254,188.58999633789062,69.59323120117188,2.0769999027252197,31.184999465942383,70.11011505126953,18034.630859375
2024-01-31,173.1,75.8499984741211,21.19828987121582,188.4499969482422,68.55842590332031,2.0999999046325684,31.159099578857422,69.59474182128906,17889.560546875
2024-02-02,200.0,72.27999877929688,20.70464324951172,188.61000061035156,69.80599975585938,2.0789999961853027,31.233999252319336,70.7877426147461,18059.9296875
2024-02-03,162.2,72.27999877929688,20.70464324951172,188.61000061035156,69.80599975585938,2.0789999961853027,31.233999252319336,70.7877426147461,18059.9296875
2024-02-04,200.0,72.27999877929688,20.70464324951172,188.61000061035156,69.80599975585938,2.0789999961853027,31.233999252319336,70.7877426147461,18059.9296875
2024-02-05,200.0,72.77999877929688,20.790081024169922,187.57000732421875,69.14836120605469,2.0820000171661377,31.3257999420166,70.34871673583984,18096.0703125
2024-02-06,177.1,73.30999755859375,20.86602783203125,188.5500030517578,69.64159393310547,2.009000062942505,31.340299606323242,70.5109634399414,18096.0703125
2024-02-07,200.0,73.86000061035156,20.960960388183594,188.5,69.51586151123047,1.9670000076293945,31.20199966430664,70.44415283203125,18096.0703125
2024-02-08,200.0,76.22000122070312,21.074878692626953,188.3300018310547,68.81954956054688,1.9170000553131104,31.36680030822754,70.42507934570312,18096.0703125
2024-02-15,200.0,78.02999877929688,20.86602783203125,185.66000366210938,69.3127670288086,1.5809999704360962,31.34510040283203,69.83334350585938,18644.5703125
2024-02-16,200.0,79.19000244140625,20.913494110107422,186.33999633789062,69.32244110107422,1.6089999675750732,31.262699127197266,69.93832397460938,18607.25
2024-02-17,200.0,79.19000244140625,20.913494110107422,186.33999633789062,69.32244110107422,1.6089999675750732,31.262699127197266,69.93832397460938,18607.25
2024-02-20,171.7,78.18000030517578,20.799575805664062,187.47000122070312,69.05165100097656,1.5759999752044678,31.402099609375,70.67321014404297,18753.16015625
2024-02-21,186.2,77.91000366210938,20.885013580322266,187.47999572753906,69.216064453125,1.7730000019073486,31.37779998779297,70.93090057373047,18676.310546875
2024-02-22,182.5,78.61000061035156,20.941972732543945,187.55999755859375,70.16383361816406,1.7319999933242798,31.426300048828125,71.15042114257812,18852.779296875
2024-02-23,200.0,76.48999786376953,20.63819122314453,188.6199951171875,70.38626098632812,1.6030000448226929,31.45400047302246,71.36992645263672,18889.189453125
2024-02-24,157.9,76.48999786376953,20.63819122314453,188.6199951171875,70.38626098632812,1.6030000448226929,31.45400047302246,71.36992645263672,18889.189453125
2024-02-27,166.2,78.87000274658203,20.989439010620117,188.0,70.28955078125,1.6150000095367432,31.5487003326416,71.09314727783203,18854.41015625
2024-02-28,176.4,78.54000091552734,20.904001235961914,188.33999633789062,70.14448547363281,1.8849999904632568,31.576000213623047,71.16950225830078,18854.41015625
2024-02-29,200.0,78.26000213623047,20.875520706176758,189.30999755859375,70.19284057617188,1.8600000143051147,31.647899627685547,71.05497741699219,18966.76953125
2024-03-01,177.2,79.97000122070312,20.97994613647461,192.88999938964844,70.44429016113281,1.8350000381469727,31.614900588989258,71.06451416015625,18935.9296875
2024-03-02,157.4,79.97000122070312,20.97994613647461,192.88999938964844,70.44429016113281,1.8350000381469727,31.614900588989258,71.06451416015625,18935.9296875
2024-03-03,200.0,79.97000122070312,20.97994613647461,192.88999938964844,70.44429016113281,1.8350000381469727,31.614900588989258,71.06451416015625,18935.9296875
2024-03-05,200.0,78.1500015258789,20.885013580322266,197.19000244140625,69.17737579345703,1.9570000171661377,31.509300231933594,71.29357147216797,19386.919921875
2024-03-06,200.0,79.12999725341797,21.055891036987305,198.80999755859375,69.96073150634766,1.9290000200271606,31.54050064086914,71.89485168457031,19499.44921875
2024-03-07,189.0,78.93000030517578,21.112850189208984,199.94000244140625,70.45396423339844,1.8179999589920044,31.464000701904297,72.30522918701172,19693.51953125
2024-03-08,200.0,78.01000213623047,21.046398162841797,201.6300048828125,70.31856536865234,1.8049999475479126,31.434799194335938,71.73258972167969,19785.3203125
2024-03-09,185.7,78.01000213623047,21.046398162841797,201.6300048828125,70.31856536865234,1.8049999475479126,31.434799194335938,71.73258972167969,19785.3203125
2024-03-10,236.8,78.01000213623047,21.046398162841797,201.6300048828125,70.31856536865234,1.8049999475479126,31.434799194335938,71.73258972167969,19785.3203125
2024-03-12,192.1,77.55999755859375,21.169809341430664,199.7899932861328,70.64738464355469,1.7139999866485596,31.362199783325195,72.49610900878906,19914.55078125
2024-03-13,178.6,79.72000122070312,21.464099884033203,201.19000244140625,70.95686340332031,1.6579999923706055,31.398799896240234,72.67744445800781,19928.509765625
2024-03-14,204.4,81.26000213623047,21.53055191040039,200.35000610351562,70.46363067626953,1.7410000562667847,31.406600952148438,72.1143569946289,19937.919921875
2024-03-15,191.0,81.04000091552734,21.606496810913086,199.7100067138672,70.75376892089844,1.6549999713897705,31.525999069213867,72.0857162475586,19682.5
2024-03-16,158.7,81.04000091552734,21.606496810913086,199.7100067138672,70.75376892089844,1.6549999713897705,31.525999069213867,72.0857162475586,19682.5
2024-03-17,144.3,81.04000091552734,21.606496810913086,199.7100067138672,70.75376892089844,1.6549999713897705,31.525999069213867,72.0857162475586,19682.5
2024-03-19,202.9,83.47000122070312,21.79636001586914,199.8000030517578,71.14060974121094,1.74399995803833,31.641000747680664,72.81832122802734,19857.19921875
2024-03-20,193.3,81.68000030517578,21.73940086364746,202.17999267578125,71.96265411376953,1.6990000009536743,31.73040008544922,73.03945922851562,19784.44921875
2024-03-22,189.8,80.62999725341797,21.559030532836914,200.35000610351562,71.4791030883789,1.659000039100647,31.882999420166016,72.72218322753906,20228.4296875
2024-03-23,202.6,80.62999725341797,21.559030532836914,200.35000610351562,71.4791030883789,1.659000039100647,31.882999420166016,72.72218322753906,20228.4296875
2024-03-24,200.6,80.62999725341797,21.559030532836914,200.35000610351562,71.4791030883789,1.659000039100647,31.882999420166016,72.72218322753906,20228.4296875
2024-03-26,206.8,81.62000274658203,21.568523406982422,201.63999938964844,71.2373275756836,1.5750000476837158,31.733999252319336,72.55874633789062,20126.490234375
2024-03-27,162.9,81.3499984741211,21.549537658691406,203.10000610351562,72.50423431396484,1.718000054359436,31.885299682617188,73.31826782226562,20200.119140625
2024-03-28,217.0,83.16999816894531,21.80585289001465,205.72000122070312,72.65897369384766,1.7630000114440918,31.979400634765625,73.41441345214844,20146.55078125
2024-03-29,199.5,83.16999816894531,21.80585289001465,205.72000122070312,72.65897369384766,1.7630000114440918,32.01810073852539,73.41441345214844,20294.44921875
2024-03-30,153.9,83.16999816894531,21.80585289001465,205.72000122070312,72.65897369384766,1.7630000114440918,32.01810073852539,73.41441345214844,20294.44921875
2024-03-31,170.2,83.16999816894531,21.80585289001465,205.72000122070312,72.65897369384766,1.7630000114440918,32.01810073852539,73.41441345214844,20294.44921875
2024-04-02,186.4,85.1500015258789,22.109636306762695,210.88999938964844,71.8756103515625,1.8619999885559082,32.01499938964844,72.45299530029297,20466.5703125
2024-04-03,189.7,85.43000030517578,22.375444412231445,212.74000549316406,72.29147338867188,1.840999960899353,32.03900146484375,71.65501403808594,20337.599609375
2024-04-06,143.2,85.43000030517578,22.375444412231445,212.74000549316406,72.29147338867188,1.840999960899353,32.03900146484375,71.65501403808594,20337.599609375
2024-04-07,176.8,85.43000030517578,22.375444412231445,212.74000549316406,72.29147338867188,1.840999960899353,32.03900146484375,71.65501403808594,20337.599609375
2024-04-09,149.4,85.2300033569336,22.41341781616211,217.6699981689453,73.05548858642578,1.871999979019165,32.07279968261719,71.70308685302734,20796.19921875
2024-04-10,94.0,86.20999908447266,22.52733612060547,215.61000061035156,72.24311065673828,1.8849999904632568,31.96619987487793,71.44348907470703,20763.529296875
2024-04-11,140.0,85.0199966430664,22.489362716674805,219.8000030517578,71.80791473388672,1.7640000581741333,32.18299865722656,71.27043914794922,20753.220703125
2024-04-12,114.1,85.66000366210938,22.517841339111328,216.88999938964844,69.6029052734375,1.7699999809265137,32.2244987487793,70.54936981201172,20736.5703125
2024-04-13,138.0,85.66000366210938,22.517841339111328,216.88999938964844,69.6029052734375,1.7699999809265137,32.2244987487793,70.54936981201172,20736.5703125
2024-04-14,125.4,85.66000366210938,22.517841339111328,216.88999938964844,69.6029052734375,1.7699999809265137,32.2244987487793,70.54936981201172,20736.5703125
2024-04-16,114.0,85.36000061035156,22.50834846496582,221.22000122070312,68.44236755371094,1.7319999933242798,32.38880157470703,70.28977966308594,19901.9609375
2024-04-17,127.5,82.69000244140625,22.157100677490234,219.58999633789062,68.4810562133789,1.7120000123977661,32.49789810180664,70.54936981201172,20213.330078125
2024-04-18,128.0,82.7300033569336,22.147607803344727,220.33999633789062,68.94527435302734,1.7569999694824219,32.3380012512207,70.87625122070312,20301.19921875
2024-04-19,128.8,83.13999938964844,22.252033233642578,221.02999877929688,69.1677017211914,1.7519999742507935,32.41590118408203,71.56847381591797,19527.119140625
2024-04-20,92.3,83.13999938964844,22.252033233642578,221.02999877929688,69.1677017211914,1.7519999742507935,32.41590118408203,71.56847381591797,19527.119140625
2024-04-21,89.5,83.13999938964844,22.252033233642578,221.02999877929688,69.1677017211914,1.7519999742507935,32.41590118408203,71.56847381591797,19527.119140625
2024-04-23,137.4,83.36000061035156,22.346965789794922,215.0399932861328,69.6029052734375,1.812000036239624,32.58300018310547,72.45299530029297,19599.279296875
2024-04-24,164.5,82.80999755859375,22.318485260009766,214.63999938964844,69.32244110107422,1.652999997138977,32.503501892089844,73.0009994506836,20131.740234375
2024-04-25,199.3,83.56999969482422,22.441896438598633,215.9199981689453,69.24507141113281,1.6380000114440918,32.62730026245117,72.82794952392578,19857.419921875
2024-04-26,149.9,83.8499984741211,22.46088409423828,216.6199951171875,69.41915130615234,1.6139999628067017,32.53099822998047,72.67411041259766,20120.509765625
2024-04-27,178.5,83.8499984741211,22.46088409423828,216.6199951171875,69.41915130615234,1.6139999628067017,32.53099822998047,72.67411041259766,20120.509765625
2024-04-28,165.5,83.8499984741211,22.46088409423828,216.6199951171875,69.41915130615234,1.6139999628067017,32.53099822998047,72.67411041259766,20120.509765625
2024-04-30,145.0,81.93000030517578,22.157100677490234,211.8699951171875,69.11935424804688,1.9910000562667847,32.433998107910156,72.58758544921875,20396.599609375
2024-05-01,139.5,79.0,21.834333419799805,213.7899932861328,68.6261215209961,1.9320000410079956,32.613800048828125,72.1260986328125,20396.599609375
2024-05-02,128.6,78.94999694824219,21.9102783203125,213.1300048828125,69.84468078613281,2.0350000858306885,32.47600173950195,72.73180389404297,20222.439453125
2024-05-03,142.4,78.11000061035156,21.938758850097656,212.9600067138672,70.31856536865234,2.1419999599456787,32.34600067138672,72.95293426513672,20330.3203125
2024-05-04,150.8,78.11000061035156,21.938758850097656,212.9600067138672,70.31856536865234,2.1419999599456787,32.34600067138672,72.95293426513672,20330.3203125
2024-05-05,155.4,78.11000061035156,21.938758850097656,212.9600067138672,70.31856536865234,2.1419999599456787,32.34600067138672,72.95293426513672,20330.3203125
2024-05-07,148.7,78.37999725341797,22.166595458984375,214.2100067138672,71.31468963623047,2.2070000171661377,32.26300048828125,73.78936767578125,20653.529296875
2024-05-08,146.3,78.98999786376953,22.052675247192383,213.5800018310547,71.03422546386719,2.187000036239624,32.363800048828125,73.5682373046875,20700.509765625
2024-05-09,145.3,79.26000213623047,22.13811492919922,216.9499969482422,72.03035736083984,2.3010001182556152,32.33300018310547,74.2027816772461,20560.76953125
2024-05-10,121.6,78.26000213623047,22.100143432617188,218.7100067138672,72.07870483398438,2.252000093460083,32.33879852294922,74.62580871582031,20708.83984375
2024-05-11,127.5,78.26000213623047,22.100143432617188,218.7100067138672,72.07870483398438,2.252000093460083,32.33879852294922,74.62580871582031,20708.83984375
2024-05-12,126.2,78.26000213623047,22.100143432617188,218.7100067138672,72.07870483398438,2.252000093460083,32.33879852294922,74.62580871582031,20708.83984375
2024-05-14,112.3,78.0199966430664,22.147607803344727,218.08999633789062,72.22377014160156,2.3440001010894775,32.371498107910156,74.27008056640625,20985.849609375
2024-05-15,133.2,78.62999725341797,22.223552703857422,220.88999938964844,72.35916900634766,2.4159998893737793,32.31370162963867,74.31816101074219,21147.2109375
2024-05-16,120.7,79.2300033569336,22.2805118560791,220.02999877929688,71.99166870117188,2.494999885559082,32.03129959106445,75.37572479248047,21304.259765625
2024-05-17,126.0,80.05999755859375,22.50834846496582,223.66000366210938,71.90462493896484,2.625999927520752,32.12379837036133,75.19304656982422,21258.470703125
2024-05-18,106.0,80.05999755859375,22.50834846496582,223.66000366210938,71.90462493896484,2.625999927520752,32.12379837036133,75.19304656982422,21258.470703125
2024-05-19,120.5,80.05999755859375,22.50834846496582,223.66000366210938,71.90462493896484,2.625999927520752,32.12379837036133,75.19304656982422,21258.470703125
2024-05-21,118.1,79.26000213623047,22.612773895263672,224.22999572753906,71.6531753540039,2.6710000038146973,32.2057991027832,75.11614227294922,21236.75
2024-05-22,132.4,77.56999969482422,22.29000473022461,220.11000061035156,71.44041442871094,2.8420000076293945,32.234798431396484,74.81809997558594,21551.830078125
2024-05-23,146.5,76.87000274658203,22.176088333129883,215.72000122070312,70.44429016113281,2.6570000648498535,32.223899841308594,73.93357849121094,21607.4296875
2024-05-24,125.4,77.72000122070312,22.327980041503906,215.9199981689453,70.28955078125,2.5199999809265137,32.22079849243164,74.12586975097656,21565.33984375
2024-05-25,119.3,77.72000122070312,22.327980041503906,215.9199981689453,70.28955078125,2.5199999809265137,32.22079849243164,74.12586975097656,21565.33984375
2024-05-26,115.1,77.72000122070312,22.327980041503906,215.9199981689453,70.28955078125,2.5199999809265137,32.22079849243164,74.12586975097656,21565.33984375
2024-05-28,158.0,79.83000183105469,22.726694107055664,218.19000244140625,70.38626098632812,2.5899999141693115,32.06999969482422,73.54901123046875,21858.41015625
2024-05-29,154.8,79.2300033569336,22.489362716674805,216.16000366210938,68.93560028076172,2.493000030517578,32.17380142211914,73.02023315429688,21662.5
2024-05-31,108.1,76.98999786376953,22.090648651123047,215.3000030517578,70.25086975097656,2.5869998931884766,32.35639953613281,74.35660552978516,21174.220703125
2024-06-01,101.2,76.98999786376953,22.090648651123047,215.3000030517578,70.25086975097656,2.5869998931884766,32.35639953613281,74.35660552978516,21174.220703125
2024-06-02,143.6,76.98999786376953,22.090648651123047,215.3000030517578,70.25086975097656,2.5869998931884766,32.35639953613281,74.35660552978516,21174.220703125
2024-06-04,139.7,73.25,21.559030532836914,215.27000427246094,69.62224578857422,2.5859999656677246,32.314300537109375,74.97193145751953,21356.619140625
2024-06-05,129.6,74.06999969482422,21.634977340698242,217.82000732421875,69.4384994506836,2.756999969482422,32.328800201416016,74.80848693847656,21484.880859375
2024-06-06,109.6,75.55000305175781,21.919771194458008,219.42999267578125,69.85435485839844,2.821000099182129,32.25199890136719,75.03922271728516,21902.69921875
2024-06-07,127.3,75.52999877929688,21.606496810913086,211.60000610351562,69.20639038085938,2.9179999828338623,32.208900451660156,74.66426849365234,21858.380859375
2024-06-08,133.5,75.52999877929688,21.606496810913086,211.60000610351562,69.20639038085938,2.9179999828338623,32.208900451660156,74.66426849365234,21858.380859375
2024-06-09,152.4,75.52999877929688,21.606496810913086,211.60000610351562,69.20639038085938,2.9179999828338623,32.208900451660156,74.66426849365234,21858.380859375
2024-06-10,137.1,77.73999786376953,21.919771194458008,213.5399932861328,69.10000610351562,2.9059998989105225,32.404998779296875,74.60657501220703,21858.380859375
2024-06-13,95.9,78.62000274658203,21.986223220825195,212.97000122070312,68.0265121459961,2.9590001106262207,32.20100021362305,73.84705352783203,22312.0390625
2024-06-14,116.2,78.44999694824219,21.900785446166992,215.72999572753906,67.59131622314453,2.88100004196167,32.29899978637695,73.98165130615234,22504.720703125
2024-06-15,143.4,78.44999694824219,21.900785446166992,215.72999572753906,67.59131622314453,2.88100004196167,32.29899978637695,73.98165130615234,22504.720703125
2024-06-16,138.6,78.44999694824219,21.900785446166992,215.72999572753906,67.59131622314453,2.88100004196167,32.29899978637695,73.98165130615234,22504.720703125
2024-06-18,153.8,81.56999969482422,22.157100677490234,215.47000122070312,67.75572204589844,2.9089999198913574,32.30099868774414,74.77963256835938,22757.4296875
2024-06-19,141.7,81.56999969482422,22.157100677490234,215.47000122070312,67.75572204589844,2.9089999198913574,32.34749984741211,74.77963256835938,23209.5390625
2024-06-20,143.9,82.16999816894531,22.204566955566406,218.16000366210938,67.76539611816406,2.740999937057495,32.38079833984375,74.61619567871094,23406.099609375
2024-06-21,136.6,80.7300033569336,22.02419662475586,214.77999877929688,67.89112091064453,2.7049999237060547,32.340999603271484,74.67388916015625,23253.390625
2024-06-22,146.2,80.7300033569336,22.02419662475586,214.77999877929688,67.89112091064453,2.7049999237060547,32.340999603271484,74.67388916015625,23253.390625
2024-06-23,119.4,80.7300033569336,22.02419662475586,214.77999877929688,67.89112091064453,2.7049999237060547,32.340999603271484,74.67388916015625,23253.390625
2024-06-25,124.5,80.83000183105469,21.995718002319336,214.55999755859375,68.08454132080078,2.75600004196167,32.32149887084961,74.98579406738281,22875.970703125
2024-06-26,115.8,80.9000015258789,22.033689498901367,212.5800018310547,68.2392807006836,2.628000020980835,32.4734992980957,74.830810546875,22986.689453125
2024-06-27,107.0,81.73999786376953,22.147607803344727,214.99000549316406,68.0265121459961,2.684999942779541,32.582298278808594,74.51114654541016,22905.98046875
2024-06-28,135.5,81.54000091552734,22.052675247192383,215.00999450683594,67.81375122070312,2.6010000705718994,32.52199935913086,74.18179321289062,23032.25
2024-06-29,131.6,81.54000091552734,22.052675247192383,215.00999450683594,67.81375122070312,2.6010000705718994,32.52199935913086,74.18179321289062,23032.25
2024-06-30,159.7,81.54000091552734,22.052675247192383,215.00999450683594,67.81375122070312,2.6010000705718994,32.52199935913086,74.18179321289062,23032.25
2024-07-02,137.9,82.80999755859375,22.365951538085938,215.55999755859375,67.32052612304688,2.434999942779541,32.52170181274414,74.1720962524414,22879.369140625
2024-07-03,142.7,83.87999725341797,22.489362716674805,217.99000549316406,67.68802642822266,2.4179999828338623,32.57279968261719,74.04617309570312,23172.4296875
2024-07-04,127.9,83.87999725341797,22.489362716674805,217.99000549316406,67.68802642822266,2.4179999828338623,32.621498107910156,74.04617309570312,23522.529296875
2024-07-05,144.8,83.16000366210938,22.57480239868164,220.92999267578125,67.3398666381836,2.319000005722046,32.50659942626953,74.95674133300781,23556.58984375
2024-07-06,127.1,83.16000366210938,22.57480239868164,220.92999267578125,67.3398666381836,2.319000005722046,32.50659942626953,74.95674133300781,23556.58984375
2024-07-07,135.9,83.16000366210938,22.57480239868164,220.92999267578125,67.3398666381836,2.319000005722046,32.50659942626953,74.95674133300781,23556.58984375
2024-07-09,159.3,81.41000366210938,22.11912727355957,218.55999755859375,66.47914123535156,2.3440001010894775,32.47100067138672,74.64676666259766,23900.080078125
2024-07-10,127.4,82.0999984741211,22.11912727355957,219.36000061035156,66.87565612792969,2.3289999961853027,32.50749969482422,74.97611236572266,24007.080078125
2024-07-12,150.1,82.20999908447266,22.109636306762695,223.11000061035156,68.65513610839844,2.3289999961853027,32.38679885864258,75.0245361328125,23916.9296875
2024-07-13,144.7,82.20999908447266,22.109636306762695,223.11000061035156,68.65513610839844,2.3289999961853027,32.38679885864258,75.0245361328125,23916.9296875
2024-07-14,120.5,82.20999908447266,22.109636306762695,223.11000061035156,68.65513610839844,2.3289999961853027,32.38679885864258,75.0245361328125,23916.9296875
2024-07-16,149.1,80.76000213623047,21.891292572021484,228.2899932861328,69.59323120117188,2.187999963760376,32.57400131225586,75.30545806884766,23997.25
2024-07-17,155.7,82.8499984741211,21.891292572021484,227.22999572753906,70.41527557373047,2.0350000858306885,32.56330108642578,76.2741470336914,23769.8203125
2024-07-18,113.3,82.81999969482422,21.729907989501953,225.77999877929688,69.74797058105469,2.125,32.49079895019531,75.89635467529297,23398.470703125
2024-07-19,139.2,80.12999725341797,21.435619354248047,221.72999572753906,69.18704986572266,2.128000020980835,32.638999938964844,75.64450073242188,22869.259765625
2024-07-20,148.6,80.12999725341797,21.435619354248047,221.72999572753906,69.18704986572266,2.128000020980835,32.638999938964844,75.64450073242188,22869.259765625
2024-07-21,148.1,80.12999725341797,21.435619354248047,221.72999572753906,69.18704986572266,2.128000020980835,32.638999938964844,75.64450073242188,22869.259765625
2024-07-23,185.4,76.95999908447266,21.293222427368164,222.5800018310547,68.7034912109375,2.187000036239624,32.80849838256836,75.42170715332031,22871.83984375
2024-07-24,134.6,77.58999633789062,21.283727645874023,221.8000030517578,68.43270111083984,2.117000102996826,32.75130081176758,75.35388946533203,22871.83984375
2024-07-26,195.0,77.16000366210938,21.112850189208984,220.6300048828125,69.93171691894531,2.00600004196167,32.643001556396484,76.03197479248047,22119.2109375
2024-07-27,214.4,77.16000366210938,21.112850189208984,220.6300048828125,69.93171691894531,2.00600004196167,32.643001556396484,76.03197479248047,22119.2109375
2024-07-28,175.1,77.16000366210938,21.112850189208984,220.6300048828125,69.93171691894531,2.00600004196167,32.643001556396484,76.03197479248047,22119.2109375
2024-07-30,158.1,74.7300033569336,20.951465606689453,222.52000427246094,69.54488372802734,2.125999927520752,32.849300384521484,75.5476303100586,22223.5703125
2024-07-31,185.2,77.91000366210938,21.435619354248047,226.5500030517578,69.57389068603516,2.0360000133514404,32.76150131225586,75.41201782226562,22199.349609375
2024-08-01,165.5,76.30999755859375,21.179302215576172,225.77000427246094,68.2682876586914,1.968000054359436,32.57229995727539,76.1094741821289,22642.099609375
2024-08-02,142.0,73.5199966430664,20.790081024169922,225.33999633789062,67.23348236083984,1.9670000076293945,32.71649932861328,76.77786254882812,21638.08984375
2024-08-03,171.2,73.5199966430664,20.790081024169922,225.33999633789062,67.23348236083984,1.9670000076293945,32.71649932861328,76.77786254882812,21638.08984375
2024-08-04,152.0,73.5199966430664,20.790081024169922,225.33999633789062,67.23348236083984,1.9670000076293945,32.71649932861328,76.77786254882812,21638.08984375
2024-08-06,183.0,73.19999694824219,20.58123207092285,220.6999969482422,66.37275695800781,2.009999990463257,32.67900085449219,75.789794921875,20501.01953125
2024-08-07,172.3,75.2300033569336,20.771095275878906,220.5500030517578,66.6532211303711,2.111999988555908,32.77799987792969,75.86729431152344,21295.279296875
2024-08-08,196.4,76.19000244140625,20.960960388183594,224.00999450683594,67.66868591308594,2.127000093460083,32.650001525878906,76.55506134033203,20870.099609375
2024-08-09,188.3,76.83999633789062,21.084369659423828,224.55999755859375,67.46559143066406,2.1429998874664307,32.41019821166992,76.67131042480469,21469.0
2024-08-10,170.9,76.83999633789062,21.084369659423828,224.55999755859375,67.46559143066406,2.1429998874664307,32.41019821166992,76.67131042480469,21469.0
2024-08-11,159.0,76.83999633789062,21.084369659423828,224.55999755859375,67.46559143066406,2.1429998874664307,32.41019821166992,76.67131042480469,21469.0
2024-08-13,163.4,78.3499984741211,21.179302215576172,228.05999755859375,68.30697631835938,2.1480000019073486,32.23899841308594,76.63255310058594,21796.5703125
2024-08-14,172.0,76.9800033569336,21.046398162841797,226.1999969482422,68.03618621826172,2.2190001010894775,32.30500030517578,76.98129272460938,22027.25
2024-08-15,172.9,78.16000366210938,21.217275619506836,226.91000366210938,69.14836120605469,2.197000026702881,31.9950008392334,77.77559661865234,21895.169921875
2024-08-16,159.7,76.6500015258789,21.084369659423828,231.99000549316406,69.77698516845703,2.122999906539917,32.442501068115234,77.98872375488281,22349.330078125
2024-08-17,151.7,76.6500015258789,21.084369659423828,231.99000549316406,69.77698516845703,2.122999906539917,32.442501068115234,77.98872375488281,22349.330078125
2024-08-18,144.4,76.6500015258789,21.084369659423828,231.99000549316406,69.77698516845703,2.122999906539917,32.442501068115234,77.98872375488281,22349.330078125
2024-08-21,134.1,71.93000030517578,20.780588150024414,232.14999389648438,70.05744934082031,2.177000045776367,31.895000457763672,79.17052459716797,22237.890625
2024-08-22,138.7,73.01000213623047,20.76160430908203,229.3699951171875,69.3804702758789,2.052999973297119,31.69499969482422,79.05426788330078,22148.830078125
2024-08-23,152.7,74.83000183105469,21.131837844848633,232.02000427246094,70.70541381835938,2.0220000743865967,32.03499984741211,79.27706146240234,22158.05078125
2024-08-24,142.2,74.83000183105469,21.131837844848633,232.02000427246094,70.70541381835938,2.0220000743865967,32.03499984741211,79.27706146240234,22158.05078125
2024-08-25,131.8,74.83000183105469,21.131837844848633,232.02000427246094,70.70541381835938,2.0220000743865967,32.03499984741211,79.27706146240234,22158.05078125
2024-08-27,164.0,75.52999877929688,21.24575424194336,233.38999938964844,70.76343536376953,1.9040000438690186,31.80900001525879,80.03263854980469,22185.0
2024-08-28,164.7,74.5199966430664,20.989439010620117,231.75,70.68606567382812,1.9299999475479126,31.69499969482422,79.6935806274414,22370.66015625
2024-08-29,166.2,75.91000366210938,21.226770401000977,232.9499969482422,70.94718933105469,2.13700008392334,31.982999801635742,79.29644012451172,22201.849609375
2024-08-30,168.7,73.55000305175781,20.989439010620117,231.2899932861328,71.13094329833984,2.127000093460083,31.857999801635742,79.92607879638672,22268.08984375
2024-08-31,142.7,73.55000305175781,20.989439010620117,231.2899932861328,71.13094329833984,2.127000093460083,31.857999801635742,79.92607879638672,22268.08984375
2024-09-01,134.4,73.55000305175781,20.989439010620117,231.2899932861328,71.13094329833984,2.127000093460083,31.857999801635742,79.92607879638672,22268.08984375
2024-09-03,146.4,70.33999633789062,20.571739196777344,230.2899932861328,69.89303588867188,2.203000068664551,31.930999755859375,80.48792266845703,22092.2109375
2024-09-04,156.7,69.19999694824219,20.41984748840332,230.42999267578125,70.48297119140625,2.1449999809265137,31.981000900268555,80.86570739746094,21092.75
2024-09-05,148.5,69.1500015258789,20.467313766479492,232.35000610351562,70.09613800048828,2.253999948501587,31.954999923706055,80.55573272705078,21187.7109375
2024-09-06,167.5,67.66999816894531,20.192012786865234,230.6300048828125,69.63191986083984,2.2750000953674316,32.00699996948242,80.39105987548828,21435.189453125
2024-09-07,155.0,67.66999816894531,20.192012786865234,230.6300048828125,69.63191986083984,2.2750000953674316,32.00699996948242,80.39105987548828,21435.189453125
2024-09-08,145.2,67.66999816894531,20.192012786865234,230.6300048828125,69.63191986083984,2.2750000953674316,32.00699996948242,80.39105987548828,21435.189453125
2024-09-10,146.0,65.75,19.954681396484375,232.6199951171875,68.96460723876953,2.2320001125335693,32.108001708984375,80.99163055419922,21064.080078125
2024-09-11,152.9,67.30999755859375,20.135051727294922,232.25,68.95494079589844,2.2699999809265137,32.15800094604492,80.23606872558594,21031.0
2024-09-12,164.2,68.97000122070312,20.524272918701172,236.3300018310547,69.13868713378906,2.3570001125335693,32.106998443603516,80.73008728027344,21653.25
2024-09-13,143.5,68.6500015258789,20.562246322631836,238.67999267578125,69.92205810546875,2.305000066757202,31.92300033569336,81.3016128540039,21759.650390625
2024-09-14,142.8,68.6500015258789,20.562246322631836,238.67999267578125,69.92205810546875,2.305000066757202,31.92300033569336,81.3016128540039,21759.650390625
2024-09-15,119.6,68.6500015258789,20.562246322631836,238.67999267578125,69.92205810546875,2.305000066757202,31.92300033569336,81.3016128540039,21759.650390625
2024-09-16,132.7,70.08999633789062,20.714136123657227,238.66000366210938,70.16383361816406,2.372999906539917,31.937999725341797,81.62129211425781,21850.080078125
2024-09-17,123.6,71.19000244140625,20.85653305053711,237.33999633789062,70.62804412841797,2.3239998817443848,31.863000869750977,80.84632873535156,21850.080078125
2024-09-20,139.4,71.91999816894531,21.09386444091797,242.2100067138672,71.18896484375,2.434000015258789,31.76799964904785,80.44918060302734,22159.419921875
2024-09-21,146.0,71.91999816894531,21.09386444091797,242.2100067138672,71.18896484375,2.434000015258789,31.76799964904785,80.44918060302734,22159.419921875
2024-09-22,158.9,71.91999816894531,21.09386444091797,242.2100067138672,71.18896484375,2.434000015258789,31.76799964904785,80.44918060302734,22159.419921875
2024-09-24,144.6,71.55999755859375,21.454605102539062,246.07000732421875,71.84660339355469,2.5510001182556152,31.933000564575195,80.72087860107422,22431.779296875
2024-09-25,152.8,69.69000244140625,21.274234771728516,245.72999572753906,70.72474670410156,2.63700008392334,31.700000762939453,80.51637268066406,22761.599609375
2024-09-26,146.3,67.66999816894531,21.084369659423828,246.97999572753906,72.27213287353516,2.5850000381469727,31.863000869750977,80.7013931274414,22858.810546875
2024-09-27,124.2,68.18000030517578,21.18879508972168,245.02000427246094,73.13285827636719,2.9019999504089355,31.459999084472656,80.84745788574219,22822.7890625
2024-09-28,160.1,68.18000030517578,21.18879508972168,245.02000427246094,73.13285827636719,2.9019999504089355,31.459999084472656,80.84745788574219,22822.7890625
2024-09-29,163.4,68.18000030517578,21.18879508972168,245.02000427246094,73.13285827636719,2.9019999504089355,31.459999084472656,80.84745788574219,22822.7890625
2024-10-01,158.6,69.83000183105469,21.511564254760742,245.61000061035156,72.9104232788086,2.8959999084472656,31.579999923706055,80.55531311035156,22390.390625
2024-10-02,155.0,70.0999984741211,21.691936492919922,245.66000366210938,72.92976379394531,2.885999917984009,31.761999130249023,79.8736343383789,22390.390625
2024-10-03,161.9,73.70999908447266,22.005210876464844,245.49000549316406,72.15607452392578,2.9700000286102295,31.812000274658203,79.07508850097656,22390.390625
2024-10-04,177.9,74.37999725341797,22.062170028686523,245.0,72.42686462402344,2.8540000915527344,32.018001556396484,79.3380355834961,22302.7109375
2024-10-05,164.0,74.37999725341797,22.062170028686523,245.0,72.42686462402344,2.8540000915527344,32.018001556396484,79.3380355834961,22302.7109375
2024-10-06,163.0,74.37999725341797,22.062170028686523,245.0,72.42686462402344,2.8540000915527344,32.018001556396484,79.3380355834961,22302.7109375
2024-10-08,169.1,73.56999969482422,21.843826293945312,242.3699951171875,71.08258056640625,2.7330000400543213,32.12179946899414,78.93876647949219,22611.390625
2024-10-09,163.5,73.23999786376953,21.653961181640625,241.0500030517578,70.8988265991211,2.6600000858306885,32.16999816894531,79.41593933105469,22659.080078125
2024-10-10,152.1,75.8499984741211,22.08115577697754,242.82000732421875,70.98587036132812,2.674999952316284,32.227500915527344,79.06536102294922,22659.080078125
2024-10-11,179.5,75.55999755859375,22.100143432617188,245.47000122070312,71.39205932617188,2.631999969482422,32.195499420166016,79.50357818603516,22901.640625
2024-10-12,174.7,75.55999755859375,22.100143432617188,245.47000122070312,71.39205932617188,2.631999969482422,32.195499420166016,79.50357818603516,22901.640625
2024-10-13,166.9,75.55999755859375,22.100143432617188,245.47000122070312,71.39205932617188,2.631999969482422,32.195499420166016,79.50357818603516,22901.640625
2024-10-15,129.0,70.58000183105469,21.340686798095703,245.9199981689453,70.46363067626953,2.497999906539917,32.152000427246094,80.33134460449219,23292.0390625
2024-10-16,142.6,70.38999938964844,21.283727645874023,247.14999389648438,70.9665298461914,2.367000102996826,32.17100143432617,80.27291870117188,23010.98046875
2024-10-17,175.6,70.66999816894531,21.31220817565918,248.6300048828125,70.60870361328125,2.3469998836517334,32.1349983215332,79.91258239746094,23053.83984375
2024-10-18,165.4,69.22000122070312,21.19828987121582,251.27000427246094,70.6667251586914,2.257999897003174,32.06800079345703,80.08788299560547,23487.26953125
2024-10-19,145.2,69.22000122070312,21.19828987121582,251.27000427246094,70.6667251586914,2.257999897003174,32.06800079345703,80.08788299560547,23487.26953125
2024-10-20,145.5,69.22000122070312,21.19828987121582,251.27000427246094,70.6667251586914,2.257999897003174,32.06800079345703,80.08788299560547,23487.26953125
2024-10-22,162.4,72.08999633789062,21.634977340698242,253.92999267578125,69.77698516845703,2.311000108718872,32.05099868774414,79.86389923095703,23535.4296875
2024-10-23,135.4,70.7699966430664,21.511564254760742,250.8699951171875,69.74797058105469,2.3420000076293945,32.013999938964844,79.70808410644531,23334.759765625
2024-10-25,141.3,71.77999877929688,21.653961181640625,253.32000732421875,69.77698516845703,2.559999942779541,31.983800888061523,78.93876647949219,23348.44921875
2024-10-26,149.7,71.77999877929688,21.653961181640625,253.32000732421875,69.77698516845703,2.559999942779541,31.983800888061523,78.93876647949219,23348.44921875
2024-10-27,75.8,71.77999877929688,21.653961181640625,253.32000732421875,69.77698516845703,2.559999942779541,31.983800888061523,78.93876647949219,23348.44921875
2024-10-29,161.9,67.20999908447266,21.03690528869629,256.0899963378906,69.44816589355469,2.3459999561309814,32.01380157470703,78.30577850341797,22926.58984375
2024-10-30,111.4,68.61000061035156,21.302715301513672,257.5,69.6802749633789,2.8450000286102295,32.00299835205078,78.17916870117188,22820.4296875
2024-10-31,207.8,69.26000213623047,21.445112228393555,253.50999450683594,69.216064453125,2.7070000171661377,31.86549949645996,78.02336120605469,22820.4296875
2024-11-01,161.0,69.48999786376953,21.217275619506836,252.47000122070312,69.12902069091797,2.6630001068115234,31.86280059814453,78.05258178710938,22780.080078125
2024-11-02,202.2,69.48999786376953,21.217275619506836,252.47000122070312,69.12902069091797,2.6630001068115234,31.86280059814453,78.05258178710938,22780.080078125
2024-11-03,88.4,69.48999786376953,21.217275619506836,252.47000122070312,69.12902069091797,2.6630001068115234,31.86280059814453,78.05258178710938,22780.080078125
2024-11-05,225.4,71.98999786376953,21.710922241210938,253.39999389648438,69.72863006591797,2.6700000762939453,31.91200065612793,78.76346588134766,23106.7890625
2024-11-06,193.8,71.69000244140625,21.47359275817871,245.6999969482422,69.17737579345703,2.746999979019165,31.82229995727539,77.47801208496094,23217.380859375
2024-11-07,199.7,72.36000061035156,21.691936492919922,249.64999389648438,69.53520965576172,2.693000078201294,32.334598541259766,77.76042938232422,23408.8203125
2024-11-08,195.6,70.37999725341797,21.35967445373535,247.9600067138672,68.56809997558594,2.6689999103546143,32.034000396728516,78.70504760742188,23553.890625
2024-11-09,192.8,70.37999725341797,21.35967445373535,247.9600067138672,68.56809997558594,2.6689999103546143,32.034000396728516,78.70504760742188,23553.890625
2024-11-10,157.3,70.37999725341797,21.35967445373535,247.9600067138672,68.56809997558594,2.6689999103546143,32.034000396728516,78.70504760742188,23553.890625
2024-11-12,201.3,68.12000274658203,20.904001235961914,240.0500030517578,67.26250457763672,2.9070000648498535,32.37480163574219,78.52000427246094,22981.76953125
2024-11-13,126.9,68.43000030517578,20.837549209594727,237.6300048828125,66.9530258178711,2.9830000400543213,32.414798736572266,78.75373840332031,22860.23046875
2024-11-14,144.6,68.69999694824219,20.818561553955078,237.00999450683594,67.18513488769531,2.7850000858306885,32.40800094604492,78.55896759033203,22715.380859375
2024-11-15,214.7,67.0199966430664,20.714136123657227,236.58999633789062,67.38822174072266,2.822999954223633,32.537200927734375,77.86754608154297,22742.76953125
2024-11-16,229.3,67.0199966430664,20.714136123657227,236.58999633789062,67.38822174072266,2.822999954223633,32.537200927734375,77.86754608154297,22742.76953125
2024-11-17,214.8,67.0199966430664,20.714136123657227,236.58999633789062,67.38822174072266,2.822999954223633,32.537200927734375,77.86754608154297,22742.76953125
2024-11-19,171.4,69.38999938964844,21.255247116088867,243.25,67.6300048828125,2.997999906539917,32.442298889160156,78.52000427246094,22848.80078125
2024-11-20,176.8,68.87000274658203,21.24575424194336,244.6199951171875,67.7944107055664,3.193000078201294,32.32550048828125,78.12074279785156,22688.359375
2024-11-22,153.5,71.23999786376953,21.4166316986084,249.83999633789062,69.1677017211914,3.128999948501587,32.50529861450195,79.69834899902344,22904.3203125
2024-11-23,195.8,71.23999786376953,21.4166316986084,249.83999633789062,69.1677017211914,3.128999948501587,32.50529861450195,79.69834899902344,22904.3203125
2024-11-24,208.9,71.23999786376953,21.4166316986084,249.83999633789062,69.1677017211914,3.128999948501587,32.50529861450195,79.69834899902344,22904.3203125
2024-11-26,165.0,68.7699966430664,21.112850189208984,242.9499969482422,69.23539733886719,3.430999994277954,32.332000732421875,80.46768188476562,22678.759765625
2024-11-27,171.6,68.72000122070312,20.998933792114258,243.49000549316406,69.58355712890625,3.2039999961853027,32.404998779296875,80.63323211669922,22334.779296875
2024-11-28,184.4,68.72000122070312,20.998933792114258,243.49000549316406,69.58355712890625,3.2039999961853027,32.414798736572266,80.63323211669922,22298.900390625
2024-11-29,211.0,68.0,21.01791763305664,245.58999633789062,69.68994140625,3.36299991607666,32.494300842285156,81.042236328125,22262.5
2024-11-30,183.2,68.0,21.01791763305664,245.58999633789062,69.68994140625,3.36299991607666,32.494300842285156,81.042236328125,22262.5
2024-12-01,198.1,68.0,21.01791763305664,245.58999633789062,69.68994140625,3.36299991607666,32.494300842285156,81.042236328125,22262.5
2024-12-03,147.3,69.94000244140625,21.103357315063477,243.92999267578125,69.62224578857422,3.0420000553131104,32.59149932861328,80.52610778808594,23027.4609375
2024-12-04,155.4,68.54000091552734,20.989439010620117,244.6699981689453,69.06132507324219,3.0429999828338623,32.4640007019043,80.3021240234375,23255.330078125
2024-12-05,162.8,68.30000305175781,20.960960388183594,242.86000061035156,68.8388900756836,3.0789999961853027,32.3129997253418,80.62349700927734,23267.939453125
2024-12-06,199.7,67.19999694824219,20.799575805664062,242.9499969482422,68.32632446289062,3.0759999752044678,32.32279968261719,80.2242202758789,23193.26953125
2024-12-07,152.3,67.19999694824219,20.799575805664062,242.9499969482422,68.32632446289062,3.0759999752044678,32.32279968261719,80.2242202758789,23193.26953125
2024-12-08,169.8,67.19999694824219,20.799575805664062,242.9499969482422,68.32632446289062,3.0759999752044678,32.32279968261719,80.2242202758789,23193.26953125
2024-12-10,180.6,68.58999633789062,21.046398162841797,248.58999633789062,68.61644744873047,3.1630001068115234,32.37080001831055,80.4774169921875,23125.080078125
2024-12-11,168.4,70.29000091552734,21.31220817565918,250.9600067138672,68.90658569335938,3.378000020980835,32.523799896240234,79.86389923095703,22903.630859375
2024-12-12,130.0,70.0199966430664,21.226770401000977,247.27999877929688,68.46171569824219,3.4549999237060547,32.485801696777344,80.09761810302734,23046.80078125
2024-12-13,141.6,71.29000091552734,21.217275619506836,244.2899932861328,68.19092559814453,3.2799999713897705,32.465999603271484,79.89311981201172,23020.48046875
2024-12-14,187.9,71.29000091552734,21.217275619506836,244.2899932861328,68.19092559814453,3.2799999713897705,32.465999603271484,79.89311981201172,23020.48046875
2024-12-15,259.7,71.29000091552734,21.217275619506836,244.2899932861328,68.19092559814453,3.2799999713897705,32.465999603271484,79.89311981201172,23020.48046875
2024-12-17,181.7,70.08000183105469,20.960960388183594,243.94000244140625,66.63388061523438,3.308000087738037,32.41699981689453,79.3380355834961,23018.009765625
2024-12-18,215.4,70.58000183105469,20.771095275878906,239.25999450683594,64.60295104980469,3.374000072479248,32.4297981262207,78.13048553466797,23168.669921875
2024-12-19,180.2,69.91000366210938,20.771095275878906,239.60000610351562,64.0807113647461,3.5840001106262207,32.678001403808594,77.57540130615234,22932.25
2024-12-20,248.0,69.45999908447266,20.904001235961914,242.10000610351562,64.71900177001953,3.747999906539917,32.630001068115234,77.84807586669922,22510.25
2024-12-21,169.4,69.45999908447266,20.904001235961914,242.10000610351562,64.71900177001953,3.747999906539917,32.630001068115234,77.84807586669922,22510.25
2024-12-22,182.6,69.45999908447266,20.904001235961914,242.10000610351562,64.71900177001953,3.747999906539917,32.630001068115234,77.84807586669922,22510.25
2024-12-24,241.4,70.0999984741211,21.040000915527344,241.44000244140625,64.88999938964844,3.946000099182129,32.608001708984375,77.94815063476562,23120.240234375
2024-12-25,180.7,70.0999984741211,21.040000915527344,241.44000244140625,64.88999938964844,3.946000099182129,32.61399841308594,77.94815063476562,23220.130859375
2024-12-27,222.5,70.5999984741211,21.079999923706055,241.39999389648438,64.91999816894531,3.5139999389648438,32.721500396728516,77.810791015625,23275.6796875
2024-12-28,198.6,70.5999984741211,21.079999923706055,241.39999389648438,64.91999816894531,3.5139999389648438,32.721500396728516,77.810791015625,23275.6796875
2024-12-29,209.3,70.5999984741211,21.079999923706055,241.39999389648438,64.91999816894531,3.5139999389648438,32.721500396728516,77.810791015625,23275.6796875
2024-12-31,180.2,71.72000122070312,21.3799991607666,242.1300048828125,64.5199966430664,3.632999897003174,32.7599983215332,77.13374328613281,23035.099609375
2025-01-01,211.8,71.72000122070312,21.3799991607666,242.1300048828125,64.5199966430664,3.632999897003174,32.7599983215332,77.13374328613281,23035.099609375
2025-01-02,125.7,73.12999725341797,21.59000015258789,245.4199981689453,64.54000091552734,3.6600000858306885,32.80099868774414,76.89824676513672,22832.060546875
2025-01-03,320.0,73.95999908447266,21.479999542236328,243.49000549316406,64.91999816894531,3.3540000915527344,32.86980056762695,76.85899353027344,22908.30078125
2025-01-04,253.7,73.95999908447266,21.479999542236328,243.49000549316406,64.91999816894531,3.3540000915527344,32.86980056762695,76.85899353027344,22908.30078125
2025-01-05,195.7,73.95999908447266,21.479999542236328,243.49000549316406,64.91999816894531,3.3540000915527344,32.86980056762695,76.85899353027344,22908.30078125
2025-01-07,206.3,74.25,21.6200008392334,244.55999755859375,64.94000244140625,3.4489998817443848,32.735801696777344,75.78946685791016,23651.26953125
2025-01-08,193.1,73.31999969482422,21.579999923706055,245.86000061035156,64.58000183105469,3.6510000228881836,32.7244987487793,75.92684173583984,23407.330078125
2025-01-09,178.0,73.91999816894531,21.579999923706055,245.86000061035156,64.58000183105469,3.7009999752044678,32.9202995300293,75.92684173583984,23081.130859375
2025-01-10,198.6,76.56999969482422,22.15999984741211,248.2100067138672,64.47000122070312,3.989000082015991,32.83100128173828,74.90636444091797,23011.859375
2025-01-11,249.9,76.56999969482422,22.15999984741211,248.2100067138672,64.47000122070312,3.989000082015991,32.83100128173828,74.90636444091797,23011.859375
2025-01-12,178.3,76.56999969482422,22.15999984741211,248.2100067138672,64.47000122070312,3.989000082015991,32.83100128173828,74.90636444091797,23011.859375
2025-01-14,213.1,77.5,22.309999465942383,247.02999877929688,66.26000213623047,3.9679999351501465,33.054500579833984,75.05355072021484,22797.51953125
2025-01-15,300.0,80.04000091552734,22.670000076293945,248.8800048828125,66.88999938964844,4.083000183105469,32.95240020751953,74.7984390258789,22514.5703125
2025-01-17,261.5,77.87999725341797,22.469999313354492,249.27000427246094,67.63999938964844,3.947999954223633,32.84299850463867,75.78946685791016,23148.080078125
2025-01-18,245.9,77.87999725341797,22.469999313354492,249.27000427246094,67.63999938964844,3.947999954223633,32.84299850463867,75.78946685791016,23148.080078125
2025-01-19,156.0,77.87999725341797,22.469999313354492,249.27000427246094,67.63999938964844,3.947999954223633,32.84299850463867,75.78946685791016,23148.080078125
2025-01-21,138.1,75.88999938964844,22.360000610351562,253.1300048828125,68.23999786376953,3.75600004196167,32.316001892089844,76.14270782470703,23300.009765625
2025-01-22,217.8,75.44000244140625,22.34000015258789,254.42999267578125,68.02999877929688,3.9600000381469727,32.58399963378906,75.76985168457031,23525.41015625
2025-01-23,170.5,74.62000274658203,22.260000228881836,254.07000732421875,69.0,3.944999933242798,32.58100128173828,76.04458618164062,23525.41015625
2025-01-24,218.8,74.66000366210938,22.270000457763672,255.64999389648438,68.7300033569336,4.0269999504089355,32.64039993286133,76.43707275390625,23525.41015625
2025-01-25,220.0,74.66000366210938,22.270000457763672,255.64999389648438,68.7300033569336,4.0269999504089355,32.64039993286133,76.43707275390625,23525.41015625
2025-01-26,150.4,74.66000366210938,22.270000457763672,255.64999389648438,68.7300033569336,4.0269999504089355,32.64039993286133,76.43707275390625,23525.41015625
2025-01-27,215.6,73.16999816894531,21.93000030517578,252.99000549316406,69.54000091552734,3.697000026702881,32.733299255371094,78.5074462890625,23525.41015625
2025-02-03,298.3,73.16000366210938,22.139999389648438,259.94000244140625,68.13999938964844,3.3519999980926514,32.827999114990234,77.80096435546875,22694.7109375
2025-02-04,300.0,72.69999694824219,22.200000762939453,262.5,68.77999877929688,3.253000020980835,32.98699951171875,77.1435546875,22793.9609375
2025-02-05,300.0,71.02999877929688,22.059999465942383,264.1300048828125,67.98999786376953,3.359999895095825,32.8916015625,77.62435150146484,23161.580078125
2025-02-07,102.5,71.0,22.079999923706055,263.8999938964844,66.8499984741211,3.309000015258789,32.79600143432617,77.85984802246094,23478.26953125
2025-02-08,300.0,71.0,22.079999923706055,263.8999938964844,66.8499984741211,3.309000015258789,32.79600143432617,77.85984802246094,23478.26953125
2025-02-09,194.8,71.0,22.079999923706055,263.8999938964844,66.8499984741211,3.309000015258789,32.79600143432617,77.85984802246094,23478.26953125
2025-02-11,144.2,73.31999969482422,22.56999969482422,267.3900146484375,67.7699966430664,3.5190000534057617,32.86539840698242,79.09617614746094,23384.05078125
2025-02-12,159.0,71.37000274658203,22.31999969482422,267.6700134277344,67.11000061035156,3.565000057220459,32.80329895019531,79.03730773925781,23289.75
2025-02-15,240.0,71.37000274658203,22.31999969482422,267.6700134277344,67.11000061035156,3.565000057220459,32.80329895019531,79.03730773925781,23289.75
2025-02-16,240.0,71.37000274658203,22.31999969482422,267.6700134277344,67.11000061035156,3.565000057220459,32.80329895019531,79.03730773925781,23289.75
2025-02-21,150.5,70.4000015258789,22.65999984741211,270.739990234375,68.12000274658203,4.234000205993652,32.69329833984375,80.63670349121094,23730.25
2025-02-22,70.0,70.4000015258789,22.65999984741211,270.739990234375,68.12000274658203,4.234000205993652,32.69329833984375,80.63670349121094,23730.25
2025-02-23,240.0,70.4000015258789,22.65999984741211,270.739990234375,68.12000274658203,4.234000205993652,32.69329833984375,80.63670349121094,23730.25
2025-02-25,200.0,68.93000030517578,22.329999923706055,268.6199951171875,68.9800033569336,4.173999786376953,32.69969940185547,82.03002166748047,23285.720703125
2025-02-26,240.0,68.62000274658203,22.139999389648438,269.0299987792969,68.38999938964844,3.9059998989105225,32.77830123901367,80.46007537841797,23402.55078125
2025-02-27,240.0,70.3499984741211,22.170000076293945,264.92999267578125,68.05000305175781,3.934000015258789,32.750301361083984,80.45026397705078,23053.1796875
2025-02-28,105.9,69.76000213623047,22.0,263.2699890136719,68.02999877929688,3.8340001106262207,32.90169906616211,81.51980590820312,23053.1796875
2025-03-01,240.0,69.76000213623047,22.0,263.2699890136719,68.02999877929688,3.8340001106262207,32.90169906616211,81.51980590820312,23053.1796875
2025-03-04,194.8,68.26000213623047,21.93000030517578,269.05999755859375,66.55999755859375,4.349999904632568,32.88890075683594,80.55819702148438,22596.880859375
2025-03-05,170.0,66.30999755859375,21.8700008392334,269.6199951171875,67.83999633789062,4.449999809265137,32.7947998046875,80.8918228149414,22871.900390625
2025-03-07,240.0,67.04000091552734,21.950000762939453,268.3900146484375,69.41000366210938,4.39900016784668,32.8578987121582,81.30392456054688,22576.0703125
2025-03-08,272.5,67.04000091552734,21.950000762939453,268.3900146484375,69.41000366210938,4.39900016784668,32.8578987121582,81.30392456054688,22576.0703125
2025-03-09,256.0,67.04000091552734,21.950000762939453,268.3900146484375,69.41000366210938,4.39900016784668,32.8578987121582,81.30392456054688,22576.0703125
2025-03-11,211.6,66.25,21.93000030517578,269.1600036621094,68.4000015258789,4.453000068664551,32.866600036621094,79.94002532958984,22071.08984375
2025-03-12,241.9,67.68000030517578,21.93000030517578,270.3299865722656,67.4800033569336,4.084000110626221,32.86880111694336,78.20326232910156,22278.359375
2025-03-13,139.6,66.55000305175781,21.850000381469727,275.1300048828125,66.91000366210938,4.111000061035156,32.90629959106445,77.84021759033203,21961.6796875
2025-03-14,216.7,67.18000030517578,21.969999313354492,275.239990234375,68.08999633789062,4.104000091552734,32.96839904785156,78.016845703125,21968.05078125
2025-03-15,107.1,67.18000030517578,21.969999313354492,275.239990234375,68.08999633789062,4.104000091552734,32.96839904785156,78.016845703125,21968.05078125
2025-03-16,150.0,67.18000030517578,21.969999313354492,275.239990234375,68.08999633789062,4.104000091552734,32.96839904785156,78.016845703125,21968.05078125
2025-03-18,145.7,66.9000015258789,22.06999969482422,279.9599914550781,69.23999786376953,4.052000045776367,32.95640182495117,78.25233459472656,22271.669921875
2025-03-19,140.8,67.16000366210938,22.209999084472656,281.1099853515625,69.45999908447266,4.247000217437744,32.97919845581055,78.25233459472656,21960.830078125
2025-03-20,243.3,68.26000213623047,22.25,280.75,68.94000244140625,3.9749999046325684,33.003299713134766,77.86965942382812,22377.259765625
2025-03-21,141.5,68.27999877929688,22.1200008392334,278.489990234375,68.62000274658203,3.9800000190734863,32.987300872802734,77.84021759033203,22209.099609375
2025-03-22,161.8,68.27999877929688,22.1200008392334,278.489990234375,68.62000274658203,3.9800000190734863,32.987300872802734,77.84021759033203,22209.099609375
2025-03-23,127.5,68.27999877929688,22.1200008392334,278.489990234375,68.62000274658203,3.9800000190734863,32.987300872802734,77.84021759033203,22209.099609375
2025-03-25,167.2,69.0,22.229999542236328,278.4700012207031,68.08999633789062,3.8399999141693115,33.01129913330078,77.61136627197266,22273.189453125
2025-03-26,96.0,69.6500015258789,22.200000762939453,278.239990234375,68.27999877929688,3.8610000610351562,33.0452995300293,78.81480407714844,22260.2890625
2025-03-27,119.1,69.91999816894531,22.260000228881836,281.9700012207031,68.83000183105469,3.950000047683716,33.0885009765625,79.71244049072266,21951.759765625
2025-03-28,127.0,69.36000061035156,22.190000534057617,284.05999755859375,67.69000244140625,4.065000057220459,33.11140060424805,79.31787872314453,21602.890625
2025-03-29,135.8,69.36000061035156,22.190000534057617,284.05999755859375,67.69000244140625,4.065000057220459,33.11140060424805,79.31787872314453,21602.890625
2025-03-30,97.6,69.36000061035156,22.190000534057617,284.05999755859375,67.69000244140625,4.065000057220459,33.11140060424805,79.31787872314453,21602.890625
2025-04-01,114.6,71.19999694824219,22.510000228881836,287.57000732421875,68.0,3.9509999752044678,33.23910140991211,80.67913055419922,21280.169921875
2025-04-02,167.9,71.70999908447266,22.649999618530273,288.1600036621094,67.75,4.054999828338623,33.20349884033203,80.44239807128906,21298.220703125
2025-04-03,164.2,66.94999694824219,21.739999771118164,286.4200134277344,66.37999725341797,4.138000011444092,33.26250076293945,80.906005859375,21298.220703125
2025-04-06,239.0,66.94999694824219,21.739999771118164,286.4200134277344,66.37999725341797,4.138000011444092,33.26250076293945,80.906005859375,21298.220703125
2025-04-08,120.4,59.58000183105469,20.15999984741211,275.20001220703125,60.209999084472656,3.4649999141693115,32.980098724365234,75.31301879882812,18459.94921875
2025-04-09,170.5,62.349998474121094,20.889999389648438,285.3800048828125,64.22000122070312,3.815999984741211,33.0806999206543,78.2328109741211,17391.759765625
2025-04-11,99.7,61.5,20.93000030517578,297.92999267578125,65.16000366210938,3.5269999504089355,32.78630065917969,79.2586898803711,19528.76953125
2025-04-12,88.0,61.5,20.93000030517578,297.92999267578125,65.16000366210938,3.5269999504089355,32.78630065917969,79.2586898803711,19528.76953125
2025-04-13,71.4,61.5,20.93000030517578,297.92999267578125,65.16000366210938,3.5269999504089355,32.78630065917969,79.2586898803711,19528.76953125
2025-04-15,59.6,61.33000183105469,20.889999389648438,297.7799987792969,65.56999969482422,3.3289999961853027,32.3568000793457,79.92945098876953,19857.669921875
2025-04-16,84.1,62.470001220703125,21.149999618530273,307.4700012207031,65.36000061035156,3.246999979019165,32.50400161743164,79.0712661743164,19468.0
2025-04-17,110.6,64.68000030517578,21.3700008392334,306.1199951171875,66.05999755859375,3.244999885559082,32.37879943847656,80.75804901123047,19338.73046875
2025-04-18,119.9,64.68000030517578,21.3700008392334,306.1199951171875,66.05999755859375,3.244999885559082,32.37879943847656,80.75804901123047,19395.029296875
2025-04-19,110.2,64.68000030517578,21.3700008392334,306.1199951171875,66.05999755859375,3.244999885559082,32.37879943847656,80.75804901123047,19395.029296875
2025-04-20,76.7,64.68000030517578,21.3700008392334,306.1199951171875,66.05999755859375,3.244999885559082,32.37879943847656,80.75804901123047,19395.029296875
2025-04-22,125.8,64.30999755859375,21.290000915527344,311.1099853515625,66.88999938964844,3.006999969482422,32.44060134887695,81.12301635742188,18793.4296875
2025-04-23,110.9,62.27000045776367,21.1299991607666,303.6499938964844,67.18000030517578,3.0220000743865967,32.57360076904297,80.65939331054688,19639.140625
2025-04-24,113.1,62.790000915527344,21.31999969482422,308.07000732421875,68.08999633789062,2.930000066757202,32.532798767089844,79.94918060302734,19478.810546875
2025-04-25,139.5,63.02000045776367,21.350000381469727,304.7300109863281,68.0,2.937000036239624,32.43560028076172,79.74202728271484,19872.73046875
2025-04-26,146.6,63.02000045776367,21.350000381469727,304.7300109863281,68.0,2.937000036239624,32.43560028076172,79.74202728271484,19872.73046875
2025-04-27,121.6,63.02000045776367,21.350000381469727,304.7300109863281,68.0,2.937000036239624,32.43560028076172,79.74202728271484,19872.73046875
2025-04-29,188.6,60.41999816894531,20.959999084472656,306.05999755859375,68.79000091552734,3.385999917984009,32.425899505615234,80.1365966796875,20232.630859375
2025-04-30,166.9,58.209999084472656,20.56999969482422,303.7699890136719,68.91000366210938,3.3259999752044678,32.32170104980469,80.71858978271484,20235.029296875
2025-05-01,136.9,59.2400016784668,20.670000076293945,297.4599914550781,68.9800033569336,3.4790000915527344,32.03200149536133,80.01823425292969,20235.029296875
2025-05-02,140.3,58.290000915527344,20.760000228881836,297.9800109863281,69.91000366210938,3.630000114440918,32.11159896850586,80.45225524902344,20787.640625
2025-05-03,139.7,58.290000915527344,20.760000228881836,297.9800109863281,69.91000366210938,3.630000114440918,32.11159896850586,80.45225524902344,20787.640625
2025-05-04,146.5,58.290000915527344,20.760000228881836,297.9800109863281,69.91000366210938,3.630000114440918,32.11159896850586,80.45225524902344,20787.640625
2025-05-06,137.3,59.09000015258789,20.950000762939453,315.4800109863281,69.19999694824219,3.4630000591278076,29.15999984741211,80.24510192871094,20522.58984375
2025-05-07,127.7,58.06999969482422,20.690000534057617,310.75,69.16000366210938,3.621000051498413,29.97760009765625,80.37334442138672,20546.490234375
2025-05-09,90.5,61.02000045776367,21.1200008392334,306.8399963378906,70.33000183105469,3.7950000762939453,30.268999099731445,79.81108093261719,20915.0390625
2025-05-10,126.6,61.02000045776367,21.1200008392334,306.8399963378906,70.33000183105469,3.7950000762939453,30.268999099731445,79.81108093261719,20915.0390625
2025-05-11,119.4,61.02000045776367,21.1200008392334,306.8399963378906,70.33000183105469,3.7950000762939453,30.268999099731445,79.81108093261719,20915.0390625
2025-05-13,117.2,63.66999816894531,21.59000015258789,299.4599914550781,71.87000274658203,3.6470000743865967,30.39310073852539,78.85425567626953,21330.140625
2025-05-14,147.3,63.150001525878906,21.479999542236328,293.1600036621094,70.6500015258789,3.492000102996826,30.424999237060547,78.43009948730469,21782.869140625
2025-05-15,130.4,61.619998931884766,21.270000457763672,297.8399963378906,71.55999755859375,3.361999988555908,30.33970069885254,80.03795623779297,21730.25
2025-05-16,141.0,62.4900016784668,21.190000534057617,294.239990234375,72.41000366210938,3.3340001106262207,30.16699981689453,80.955322265625,21843.689453125
2025-05-17,123.6,62.4900016784668,21.190000534057617,294.239990234375,72.41000366210938,3.3340001106262207,30.16699981689453,80.955322265625,21843.689453125
2025-05-18,109.7,62.4900016784668,21.190000534057617,294.239990234375,72.41000366210938,3.3340001106262207,30.16699981689453,80.955322265625,21843.689453125
2025-05-20,125.2,62.560001373291016,21.43000030517578,303.5799865722656,72.58000183105469,3.427000045776367,30.14579963684082,81.4781265258789,21526.029296875
2025-05-21,118.0,61.56999969482422,21.399999618530273,305.82000732421875,71.94000244140625,3.368000030517578,30.146299362182617,80.53116607666016,21803.91015625
2025-05-22,115.2,61.20000076293945,21.290000915527344,303.1099853515625,71.55999755859375,3.253000020980835,30.0221004486084,80.19578552246094,21670.9609375
2025-05-23,163.0,61.529998779296875,21.40999984741211,309.75,71.88999938964844,3.3340001106262207,30.046899795532227,80.49170684814453,21652.240234375
2025-05-24,112.8,61.529998779296875,21.40999984741211,309.75,71.88999938964844,3.3340001106262207,30.046899795532227,80.49170684814453,21652.240234375
2025-05-25,121.7,61.529998779296875,21.40999984741211,309.75,71.88999938964844,3.3340001106262207,30.046899795532227,80.49170684814453,21652.240234375
2025-05-27,149.6,60.88999938964844,21.219999313354492,304.5,72.58000183105469,3.3980000019073486,29.915000915527344,81.2216567993164,21336.5390625
2025-05-28,142.5,61.84000015258789,21.149999618530273,303.80999755859375,72.1500015258789,3.2039999961853027,29.964799880981445,80.66926574707031,21357.720703125
2025-05-29,131.9,60.939998626708984,21.040000915527344,305.6099853515625,72.2300033569336,3.5220000743865967,29.950000762939453,80.99478149414062,21347.30078125
2025-05-30,122.8,60.790000915527344,20.8799991607666,303.6000061035156,72.30000305175781,3.447000026702881,29.850099563598633,81.70500183105469,21347.30078125
2025-05-31,128.0,60.790000915527344,20.8799991607666,303.6000061035156,72.30000305175781,3.447000026702881,29.850099563598633,81.70500183105469,21347.30078125
2025-06-03,140.5,63.40999984741211,21.459999084472656,308.9100036621094,72.63999938964844,3.7219998836517334,29.987300872802734,81.6754150390625,21126.9296875
2025-06-04,142.7,62.849998474121094,21.3799991607666,310.8999938964844,72.79000091552734,3.7160000801086426,29.965900421142578,81.10328674316406,21618.08984375
2025-06-05,108.4,63.369998931884766,21.479999542236328,309.3299865722656,72.80000305175781,3.677000045776367,29.941999435424805,80.32402038574219,21674.4296875
2025-06-06,156.2,64.58000183105469,21.649999618530273,305.17999267578125,72.93000030517578,3.7839999198913574,29.94529914855957,80.58049011230469,21660.66015625
2025-06-07,170.6,64.58000183105469,21.649999618530273,305.17999267578125,72.93000030517578,3.7839999198913574,29.94529914855957,80.58049011230469,21660.66015625
2025-06-08,122.2,64.58000183105469,21.649999618530273,305.17999267578125,72.93000030517578,3.7839999198913574,29.94529914855957,80.58049011230469,21660.66015625
2025-06-10,170.6,64.9800033569336,21.6200008392334,306.7099914550781,73.30000305175781,3.5329999923706055,29.913799285888672,80.6495361328125,22242.140625
2025-06-11,141.5,68.1500015258789,21.969999313354492,308.3699951171875,73.70999908447266,3.506999969482422,29.888900756835938,80.37334442138672,22470.099609375
2025-06-12,128.5,68.04000091552734,21.969999313354492,312.20001220703125,73.91000366210938,3.492000102996826,29.8075008392334,80.84681701660156,22287.8203125
2025-06-13,92.8,72.9800033569336,22.649999618530273,316.2900085449219,74.19000244140625,3.5810000896453857,29.52519989013672,79.86040496826172,22072.94921875
2025-06-14,85.8,72.9800033569336,22.649999618530273,316.2900085449219,74.19000244140625,3.5810000896453857,29.52519989013672,79.86040496826172,22072.94921875
2025-06-15,118.4,72.9800033569336,22.649999618530273,316.2900085449219,74.19000244140625,3.5810000896453857,29.52519989013672,79.86040496826172,22072.94921875
2025-06-17,117.9,74.83999633789062,23.079999923706055,311.94000244140625,74.81999969482422,3.8510000705718994,29.0049991607666,79.43624114990234,22211.58984375
2025-06-18,132.1,75.13999938964844,23.139999389648438,310.260009765625,74.37000274658203,3.989000082015991,29.6471004486084,79.33760070800781,22356.73046875
2025-06-20,100.9,74.93000030517578,23.260000228881836,310.1300048828125,73.7699966430664,3.8469998836517334,29.571300506591797,79.91958618164062,22045.740234375
2025-06-21,126.3,74.93000030517578,23.260000228881836,310.1300048828125,73.7699966430664,3.8469998836517334,29.571300506591797,79.91958618164062,22045.740234375
2025-06-22,162.1,74.93000030517578,23.260000228881836,310.1300048828125,73.7699966430664,3.8469998836517334,29.571300506591797,79.91958618164062,22045.740234375
2025-06-24,101.9,64.37000274658203,21.860000610351562,306.19000244140625,73.56999969482422,3.5369999408721924,29.673900604248047,80.77571105957031,22188.759765625
2025-06-25,123.1,64.91999816894531,21.829999923706055,307.1199951171875,72.86000061035156,3.4059998989105225,29.458099365234375,79.6931381225586,22430.609375
2025-06-26,151.6,65.23999786376953,21.90999984741211,306.7799987792969,73.29000091552734,3.260999917984009,29.341899871826172,79.62361145019531,22492.33984375
2025-06-27,128.8,65.5199966430664,21.799999237060547,301.2200012207031,73.51000213623047,3.739000082015991,28.819000244140625,80.00102996826172,22580.080078125
2025-06-28,136.0,65.5199966430664,21.799999237060547,301.2200012207031,73.51000213623047,3.739000082015991,28.819000244140625,80.00102996826172,22580.080078125
2025-06-29,152.8,65.5199966430664,21.799999237060547,301.2200012207031,73.51000213623047,3.739000082015991,28.819000244140625,80.00102996826172,22580.080078125
2025-07-01,156.1,65.44999694824219,21.93000030517578,307.54998779296875,74.45999908447266,3.4149999618530273,29.206600189208984,81.4212875366211,22553.720703125
2025-07-02,202.5,67.44999694824219,22.290000915527344,309.25,75.55999755859375,3.48799991607666,29.225900650024414,81.6596450805664,22577.740234375
2025-07-03,182.1,67.0,22.280000686645508,307.1400146484375,75.4000015258789,3.4089999198913574,28.96809959411621,81.61991882324219,22712.970703125
2025-07-04,152.8,66.5,22.280000686645508,307.1400146484375,75.4000015258789,3.38700008392334,28.91710090637207,81.61991882324219,22547.5
2025-07-05,164.3,66.5,22.280000686645508,307.1400146484375,75.4000015258789,3.38700008392334,28.91710090637207,81.61991882324219,22547.5
2025-07-06,197.5,66.5,22.280000686645508,307.1400146484375,75.4000015258789,3.38700008392334,28.91710090637207,81.61991882324219,22547.5
2025-07-08,163.6,68.33000183105469,22.329999923706055,304.1600036621094,74.7300033569336,3.3399999141693115,29.068300247192383,80.79557037353516,22362.26953125
2025-07-09,157.0,68.37999725341797,22.290000915527344,305.5199890136719,75.08999633789062,3.2139999866485596,29.107099533081055,80.2691879272461,22527.009765625
2025-07-10,137.8,66.56999969482422,22.219999313354492,306.20001220703125,74.80000305175781,3.3369998931884766,29.20560073852539,80.55721282958984,22693.25
2025-07-11,164.2,68.44999694824219,22.510000228881836,309.1400146484375,74.43000030517578,3.313999891281128,29.243000030517578,80.2592544555664,22751.029296875
2025-07-12,155.8,68.44999694824219,22.510000228881836,309.1400146484375,74.43000030517578,3.313999891281128,29.243000030517578,80.2592544555664,22751.029296875
2025-07-13,181.1,68.44999694824219,22.510000228881836,309.1400146484375,74.43000030517578,3.313999891281128,29.243000030517578,80.2592544555664,22751.029296875
2025-07-15,177.3,66.5199966430664,22.280000686645508,306.7300109863281,73.2300033569336,3.5230000019073486,29.346099853515625,79.52429962158203,22835.939453125
2025-07-16,165.2,66.37999725341797,22.309999465942383,308.260009765625,72.95999908447266,3.5510001182556152,29.388099670410156,79.8023910522461,23042.900390625
2025-07-18,144.6,67.33999633789062,22.530000686645508,308.3900146484375,73.13999938964844,3.565000057220459,29.403200149536133,80.33870697021484,23383.130859375
2025-07-19,131.6,67.33999633789062,22.530000686645508,308.3900146484375,73.13999938964844,3.565000057220459,29.403200149536133,80.33870697021484,23383.130859375
2025-07-20,170.7,67.33999633789062,22.530000686645508,308.3900146484375,73.13999938964844,3.565000057220459,29.403200149536133,80.33870697021484,23383.130859375
2025-07-22,160.6,66.20999908447266,22.440000534057617,316.1000061035156,74.16000366210938,3.252000093460083,29.333599090576172,81.06373596191406,22987.919921875
2025-07-23,153.1,65.25,22.3799991607666,312.17999267578125,75.58999633789062,3.0769999027252197,29.39900016784668,81.0935287475586,23318.669921875
2025-07-24,216.4,66.02999877929688,22.399999618530273,310.2699890136719,74.8499984741211,3.0940001010894775,29.23419952392578,80.80550384521484,23373.73046875
2025-07-25,161.5,65.16000366210938,22.170000076293945,307.3999938964844,74.77999877929688,3.109999895095825,29.391000747680664,80.94454956054688,23364.380859375
2025-07-26,121.8,65.16000366210938,22.170000076293945,307.3999938964844,74.77999877929688,3.109999895095825,29.391000747680664,80.94454956054688,23364.380859375
2025-07-27,141.2,65.16000366210938,22.170000076293945,307.3999938964844,74.77999877929688,3.109999895095825,29.391000747680664,80.94454956054688,23364.380859375
2025-07-29,181.4,69.20999908447266,22.690000534057617,306.25,73.62999725341797,3.0810000896453857,29.656999588012695,80.63666534423828,23201.51953125
2025-07-30,149.4,70.0,22.639999389648438,300.9599914550781,72.91000366210938,3.0450000762939453,29.68950080871582,79.92156982421875,23461.720703125
2025-07-31,161.3,69.26000213623047,22.450000762939453,302.9599914550781,72.4800033569336,3.1059999465942383,29.827999114990234,79.23627471923828,23542.51953125
2025-08-01,154.4,67.33000183105469,22.09000015258789,309.1099853515625,72.1500015258789,3.0829999446868896,29.9060001373291,79.61368560791016,23434.380859375
2025-08-02,150.9,67.33000183105469,22.09000015258789,309.1099853515625,72.1500015258789,3.0829999446868896,29.9060001373291,79.61368560791016,23434.380859375
2025-08-03,187.4,67.33000183105469,22.09000015258789,309.1099853515625,72.1500015258789,3.0829999446868896,29.9060001373291,79.61368560791016,23434.380859375
2025-08-05,173.0,65.16000366210938,21.81999969482422,311.1600036621094,73.20999908447266,3.009999990463257,29.88409996032715,79.92156982421875,23660.58984375
2025-08-06,192.6,64.3499984741211,21.770000457763672,310.5,72.41999816894531,3.0769999027252197,29.937400817871094,81.06373596191406,23447.359375
2025-08-07,161.3,63.880001068115234,21.84000015258789,313.1199951171875,72.5199966430664,3.066999912261963,29.91469955444336,81.67950439453125,24003.76953125
2025-08-08,191.7,63.880001068115234,21.84000015258789,313.04998779296875,72.7699966430664,2.990000009536743,29.8080997467041,81.91787719726562,24021.259765625
2025-08-09,178.9,63.880001068115234,21.84000015258789,313.04998779296875,72.7699966430664,2.990000009536743,29.8080997467041,81.91787719726562,24021.259765625
2025-08-10,164.3,63.880001068115234,21.84000015258789,313.04998779296875,72.7699966430664,2.990000009536743,29.8080997467041,81.91787719726562,24021.259765625
2025-08-12,154.8,63.16999816894531,21.780000686645508,308.2699890136719,73.16000366210938,2.808000087738037,29.947999954223633,82.06684875488281,24158.359375
2025-08-13,184.6,62.650001525878906,21.75,309.2099914550781,74.33999633789062,2.828000068664551,29.87809944152832,82.06684875488281,24370.01953125
2025-08-15,193.5,62.79999923706055,21.770000457763672,307.42999267578125,73.7699966430664,2.9159998893737793,30.07900047302246,81.46100616455078,24334.48046875
2025-08-16,194.2,62.79999923706055,21.770000457763672,307.42999267578125,73.7699966430664,2.9159998893737793,30.07900047302246,81.46100616455078,24334.48046875
2025-08-17,171.8,62.79999923706055,21.770000457763672,307.42999267578125,73.7699966430664,2.9159998893737793,30.07900047302246,81.46100616455078,24334.48046875
2025-08-19,196.2,62.349998474121094,21.6200008392334,305.2699890136719,73.94000244140625,2.7660000324249268,30.025100708007812,82.18603515625,24353.5
2025-08-20,166.3,63.209999084472656,21.860000610351562,308.3599853515625,74.29000091552734,2.752000093460083,30.1072998046875,82.65283203125,23625.439453125
2025-08-21,176.4,63.52000045776367,21.989999771118164,307.2900085449219,74.52999877929688,2.8259999752044678,30.280099868774414,81.90794372558594,23962.130859375
2025-08-22,169.8,63.65999984741211,22.079999923706055,310.5799865722656,75.72000122070312,2.697999954223633,30.516000747680664,81.90794372558594,23764.470703125
2025-08-23,139.2,63.65999984741211,22.079999923706055,310.5799865722656,75.72000122070312,2.697999954223633,30.516000747680664,81.90794372558594,23764.470703125
2025-08-24,145.7,63.65999984741211,22.079999923706055,310.5799865722656,75.72000122070312,2.697999954223633,30.516000747680664,81.90794372558594,23764.470703125
2025-08-26,181.4,63.25,22.020000457763672,312.0799865722656,75.26000213623047,2.7170000076293945,30.444000244140625,79.98116302490234,24305.099609375
2025-08-27,180.2,64.1500015258789,22.040000915527344,312.7099914550781,75.38999938964844,2.867000102996826,30.546600341796875,80.21952056884766,24519.900390625
2025-08-28,152.3,64.5999984741211,22.18000030517578,315.0299987792969,75.20999908447266,2.944000005722046,30.575000762939453,79.71300506591797,24236.44921875
2025-08-29,164.0,64.01000213623047,22.209999084472656,318.07000732421875,74.80999755859375,2.996999979019165,30.492799758911133,80.22945404052734,24233.099609375
2025-08-30,154.3,64.01000213623047,22.209999084472656,318.07000732421875,74.80999755859375,2.996999979019165,30.492799758911133,80.22945404052734,24233.099609375
2025-08-31,162.0,64.01000213623047,22.209999084472656,318.07000732421875,74.80999755859375,2.996999979019165,30.492799758911133,80.22945404052734,24233.099609375
2025-09-02,158.7,65.58999633789062,22.56999969482422,325.5899963378906,73.9800033569336,3.009000062942505,30.62529945373535,80.10034942626953,24016.779296875
2025-09-03,179.1,63.970001220703125,22.3700008392334,328.1400146484375,73.5,3.063999891281128,30.743999481201172,80.0407485961914,24100.30078125
2025-09-04,168.8,63.47999954223633,22.209999084472656,326.69000244140625,73.94999694824219,3.0739998817443848,30.722000122070312,80.09041595458984,24179.849609375
2025-09-05,162.4,61.869998931884766,22.030000686645508,331.04998779296875,74.44000244140625,3.0480000972747803,30.694000244140625,80.31884765625,24494.580078125
2025-09-06,106.4,61.869998931884766,22.030000686645508,331.04998779296875,74.44000244140625,3.0480000972747803,30.694000244140625,80.31884765625,24494.580078125
2025-09-09,141.3,62.630001068115234,22.239999771118164,334.05999755859375,74.37000274658203,3.117000102996826,30.331100463867188,80.17980194091797,24855.1796875
2025-09-10,110.8,63.66999816894531,22.389999389648438,335.260009765625,74.16999816894531,3.0290000438690186,30.351600646972656,79.39518737792969,25192.58984375
2025-09-11,124.5,62.369998931884766,22.219999313354492,334.760009765625,75.05000305175781,2.934000015258789,30.236799240112305,80.0407485961914,25215.7109375
2025-09-12,129.2,62.689998626708984,22.350000381469727,335.4200134277344,74.68000030517578,2.940999984741211,30.290000915527344,79.77259063720703,25474.640625
2025-09-13,101.2,62.689998626708984,22.350000381469727,335.4200134277344,74.68000030517578,2.940999984741211,30.290000915527344,79.77259063720703,25474.640625
2025-09-14,141.4,62.689998626708984,22.350000381469727,335.4200134277344,74.68000030517578,2.940999984741211,30.290000915527344,79.77259063720703,25474.640625
2025-09-16,138.9,64.5199966430664,22.780000686645508,339.5899963378906,74.33999633789062,3.1029999256134033,30.19409942626953,79.21641540527344,25629.640625
2025-09-17,143.9,64.05000305175781,22.540000915527344,336.9700012207031,74.04000091552734,3.0999999046325684,30.047199249267578,79.6931381225586,25438.25
2025-09-18,122.2,63.56999969482422,22.440000534057617,335.6199951171875,74.1500015258789,2.938999891281128,30.08639907836914,78.99790954589844,25769.359375
2025-09-19,117.4,62.68000030517578,22.260000228881836,339.17999267578125,73.70999908447266,2.888000011444092,30.11050033569336,78.83899688720703,25578.369140625
2025-09-20,166.1,62.68000030517578,22.260000228881836,339.17999267578125,73.70999908447266,2.888000011444092,30.11050033569336,78.83899688720703,25578.369140625
2025-09-21,97.8,62.68000030517578,22.260000228881836,339.17999267578125,73.70999908447266,2.888000011444092,30.11050033569336,78.83899688720703,25578.369140625
2025-09-23,131.5,63.40999984741211,22.489999771118164,346.4599914550781,73.4000015258789,2.8529999256134033,30.21769905090332,78.3499984741211,26247.369140625
2025-09-24,136.4,64.98999786376953,22.639999389648438,343.32000732421875,73.77999877929688,2.8580000400543213,30.27400016784668,78.5199966430664,26196.73046875
2025-09-26,134.8,65.72000122070312,22.809999465942383,346.739990234375,73.63999938964844,2.8350000381469727,30.561500549316406,77.95999908447266,25580.3203125
2025-09-27,144.9,65.72000122070312,22.809999465942383,346.739990234375,73.63999938964844,2.8350000381469727,30.561500549316406,77.95999908447266,25580.3203125
2025-09-28,134.9,65.72000122070312,22.809999465942383,346.739990234375,73.63999938964844,2.8350000381469727,30.561500549316406,77.95999908447266,25580.3203125
2025-09-30,103.7,62.369998931884766,22.530000686645508,355.4700012207031,73.44999694824219,3.302999973297119,30.458200454711914,78.37000274658203,25820.5390625
2025-10-01,117.8,61.779998779296875,22.489999771118164,356.0299987792969,73.0,3.4760000705718994,30.442100524902344,78.25,25982.91015625
2025-10-02,146.6,60.47999954223633,22.34000015258789,354.7900085449219,73.55000305175781,3.441999912261963,30.44700050354004,77.94000244140625,26378.390625
2025-10-03,110.6,60.880001068115234,22.40999984741211,357.6400146484375,73.94999694824219,3.3239998817443848,30.46380043029785,78.02999877929688,26761.060546875
2025-10-04,99.6,60.880001068115234,22.40999984741211,357.6400146484375,73.94999694824219,3.3239998817443848,30.46380043029785,78.02999877929688,26761.060546875
2025-10-05,101.2,60.880001068115234,22.40999984741211,357.6400146484375,73.94999694824219,3.3239998817443848,30.46380043029785,78.02999877929688,26761.060546875
2025-10-06,79.8,61.689998626708984,22.639999389648438,364.3800048828125,74.0,3.3570001125335693,30.420000076293945,77.45999908447266,26761.060546875
2025-10-09,100.0,61.5099983215332,22.549999237060547,365.42999267578125,72.87000274658203,3.2690000534057617,30.524999618530273,78.04000091552734,27301.919921875
2025-10-10,121.4,58.900001525878906,22.06999969482422,369.1199951171875,71.54000091552734,3.1059999465942383,30.58329963684082,78.0999984741211,27301.919921875
2025-10-11,180.3,58.900001525878906,22.06999969482422,369.1199951171875,71.54000091552734,3.1059999465942383,30.58329963684082,78.0999984741211,27301.919921875
2025-10-12,141.8,58.900001525878906,22.06999969482422,369.1199951171875,71.54000091552734,3.1059999465942383,30.58329963684082,78.0999984741211,27301.919921875
2025-10-14,115.1,58.70000076293945,22.100000381469727,380.7900085449219,72.01000213623047,3.0280001163482666,30.69099998474121,79.08999633789062,26793.150390625
2025-10-15,122.2,58.27000045776367,22.18000030517578,387.3900146484375,72.61000061035156,3.0160000324249268,30.683900833129883,79.2300033569336,27275.7109375
2025-10-16,135.6,57.459999084472656,22.139999389648438,396.45001220703125,72.4800033569336,2.937999963760376,30.609800338745117,78.68000030517578,27647.869140625
2025-10-17,151.0,57.540000915527344,22.1200008392334,388.989990234375,73.01000213623047,3.007999897003174,30.611900329589844,79.7300033569336,27302.369140625
2025-10-18,141.0,57.540000915527344,22.1200008392334,388.989990234375,73.01000213623047,3.007999897003174,30.611900329589844,79.7300033569336,27302.369140625
2025-10-19,139.0,57.540000915527344,22.1200008392334,388.989990234375,73.01000213623047,3.007999897003174,30.611900329589844,79.7300033569336,27302.369140625
2025-10-21,82.6,57.81999969482422,22.110000610351562,377.239990234375,72.69999694824219,3.4739999771118164,30.597299575805664,79.29000091552734,27752.41015625
2025-10-22,95.9,58.5,22.459999084472656,377.2799987792969,73.16000366210938,3.450000047683716,30.67729949951172,79.73999786376953,27648.91015625
2025-10-23,82.4,61.790000915527344,22.84000015258789,378.7900085449219,73.80999755859375,3.3440001010894775,30.745100021362305,79.3499984741211,27532.259765625
2025-10-24,121.2,61.5,22.850000381469727,377.5199890136719,74.16000366210938,3.303999900817871,30.774999618530273,79.08999633789062,27532.259765625
2025-10-25,135.9,61.5,22.850000381469727,377.5199890136719,74.16000366210938,3.303999900817871,30.774999618530273,79.08999633789062,27532.259765625
2025-10-26,123.6,61.5,22.850000381469727,377.5199890136719,74.16000366210938,3.303999900817871,30.774999618530273,79.08999633789062,27532.259765625
2025-10-28,119.5,60.150001525878906,22.59000015258789,364.3800048828125,73.58000183105469,3.3450000286102295,30.60110092163086,78.43000030517578,27949.109375
2025-10-29,107.5,60.47999954223633,22.709999084472656,363.0,72.94999694824219,3.375999927520752,30.543100357055664,76.58000183105469,28294.740234375
2025-10-31,110.3,60.97999954223633,22.8799991607666,368.1199951171875,71.26000213623047,4.124000072479248,30.73069953918457,76.27999877929688,28233.349609375
2025-11-01,156.4,60.97999954223633,22.8799991607666,368.1199951171875,71.26000213623047,4.124000072479248,30.73069953918457,76.27999877929688,28233.349609375
2025-11-02,151.9,60.97999954223633,22.8799991607666,368.1199951171875,71.26000213623047,4.124000072479248,30.73069953918457,76.27999877929688,28233.349609375
2025-11-04,136.8,60.560001373291016,22.889999389648438,362.32000732421875,70.48999786376953,4.3429999351501465,30.903099060058594,75.98999786376953,28116.560546875
2025-11-05,159.9,59.599998474121094,22.81999969482422,366.510009765625,70.45999908447266,4.23199987411499,30.91900062561035,75.94000244140625,27717.060546875
2025-11-06,145.6,59.43000030517578,22.850000381469727,366.07000732421875,69.94999694824219,4.35699987411499,30.892900466918945,75.5999984741211,27899.44921875
2025-11-07,153.9,59.75,22.899999618530273,368.30999755859375,70.43000030517578,4.315000057220459,30.97879981994629,76.70999908447266,27651.41015625
2025-11-08,133.9,59.75,22.899999618530273,368.30999755859375,70.43000030517578,4.315000057220459,30.97879981994629,76.70999908447266,27651.41015625
2025-11-09,144.7,59.75,22.899999618530273,368.30999755859375,70.43000030517578,4.315000057220459,30.97879981994629,76.70999908447266,27651.41015625
2025-11-11,111.9,61.040000915527344,23.299999237060547,379.8699951171875,72.33000183105469,4.565000057220459,30.966800689697266,77.43000030517578,27784.94921875
2025-11-12,158.6,58.4900016784668,23.040000915527344,385.989990234375,72.68000030517578,4.5329999923706055,30.96430015563965,77.31999969482422,27947.08984375
2025-11-14,158.5,60.09000015258789,22.969999313354492,375.9599914550781,72.16999816894531,4.565999984741211,31.124900817871094,77.26000213623047,27397.5
2025-11-15,168.0,60.09000015258789,22.969999313354492,375.9599914550781,72.16999816894531,4.565999984741211,31.124900817871094,77.26000213623047,27397.5
2025-11-16,193.1,60.09000015258789,22.969999313354492,375.9599914550781,72.16999816894531,4.565999984741211,31.124900817871094,77.26000213623047,27397.5
2025-11-18,159.6,60.7400016784668,23.1299991607666,374.3500061035156,70.83000183105469,4.370999813079834,31.174999237060547,77.0999984741211,26756.119140625
2025-11-19,140.7,59.439998626708984,22.899999618530273,374.9599914550781,70.19999694824219,4.550000190734863,31.103200912475586,76.51000213623047,26580.119140625
2025-11-20,114.0,59.13999938964844,22.68000030517578,374.8500061035156,69.31999969482422,4.473999977111816,31.183000564575195,77.05999755859375,27426.359375
2025-11-21,132.2,58.060001373291016,22.530000686645508,374.2699890136719,70.98999786376953,4.579999923706055,31.352100372314453,77.9000015258789,26434.939453125
2025-11-22,131.8,58.060001373291016,22.530000686645508,374.2699890136719,70.98999786376953,4.579999923706055,31.352100372314453,77.9000015258789,26434.939453125
2025-11-23,152.6,58.060001373291016,22.530000686645508,374.2699890136719,70.98999786376953,4.579999923706055,31.352100372314453,77.9000015258789,26434.939453125
2025-11-25,123.0,58.060001373291016,22.520000457763672,380.0799865722656,72.73999786376953,4.579999923706055,31.42609977722168,78.05999755859375,26912.169921875
2025-11-26,127.4,58.060001373291016,22.760000228881836,383.1199951171875,72.80999755859375,4.579999923706055,31.388099670410156,78.91000366210938,27409.5390625
2025-11-27,126.8,58.060001373291016,22.760000228881836,383.1199951171875,72.80999755859375,4.579999923706055,31.248899459838867,78.91000366210938,27554.529296875
2025-11-28,104.1,58.060001373291016,23.059999465942383,387.8800048828125,73.11000061035156,4.579999923706055,31.314699172973633,79.37000274658203,27626.48046875
2025-11-29,95.2,58.060001373291016,23.059999465942383,387.8800048828125,73.11000061035156,4.579999923706055,31.314699172973633,79.37000274658203,27626.48046875
2025-11-30,150.8,58.060001373291016,23.059999465942383,387.8800048828125,73.11000061035156,4.579999923706055,31.314699172973633,79.37000274658203,27626.48046875
2025-12-02,126.2,58.060001373291016,23.020000457763672,387.239990234375,73.4000015258789,4.579999923706055,31.395999908447266,78.7699966430664,27564.26953125
2025-12-03,116.7,59.2400016784668,23.1299991607666,386.8800048828125,73.62999725341797,5.00600004196167,31.402000427246094,78.83000183105469,27793.0390625
